"Plot_Name","Unit_Code","Panel","Physio","Directions","Location_Notes","SampleYear","Lat","Long","Num_Live_Trees","Num_Dead_Trees","Inv_Shrub_Cov","Num_Seedlings","Num_Saplings","Num_Quad_Species","Num_Add_Species","BL","BR","UL","UR","plot_number"
"FRSP-197","FRSP","3","Mesic- Flatwoods","Park on Lee Drive; Plot is about 30 meters off road between the road and a trail","mixed hardwood with sparse vaccinium and lyonia ligustrina understory. Quercus alba tree fallen right above plot center.",2025,38.2713971836564,-77.4680513571037,11,1,0,7,3,16,10,"FRSP_197_BL_20250825.JPG","FRSP_197_BR_20250825.JPG","FRSP_197_UL_20250825.JPG","FRSP_197_UR_20250825.JPG","197"
"FRSP-283","FRSP","4","Mesic- Flatwoods","Park on 1-way road March 140 m at 116 degree","Sparse vacc understory, mixed oak canopy.
Reset UR. Was off by 1m and 3 degrees. Changed orientation to 358. 9/2/14",2026,38.3036972984994,-77.6378055329662,18,3,0,0,8,10,8,"FRSP_283_BL_20260825.JPG","FRSP_283_BR_20260825.JPG","FRSP_283_UL_20260825.JPG","FRSP_283_UR_20260825.JPG","283"
"FRSP-275","FRSP","4","Mesic- Flatwoods","1.3Km from parking lot along trail, then 100m bushwack. Or very close to mine rd.","2014 - changed orientation from 360 to 358 degrees",2026,38.2489605764419,-77.4586309695304,11,2,0,36,11,26,14,"FRSP_275_BL_20260817.JPG","FRSP_275_BR_20260817.JPG","FRSP_275_UL_20260817.JPG","FRSP_275_UR_20260817.JPG","275"
"PETE-137","PETE","2","Mesic- Flatwoods","Take any of the many trails to plot, about 500m anyway.","Open, lots of pine trees down. Hardwoods coming in. Some vitis and microstegium cover.",2024,37.2281518694369,-77.3631503156027,28,3,0,23,1,22,12,"PETE_137_BL_20240812.JPG","PETE_137_BR_20240812.JPG","PETE_137_UL_20240812.JPG","PETE_137_UR_20240812.JPG","137"
"RICH-134","RICH","2","Xeric- Other Xeric","About 30 m East of road.","Sparse, low shrub/vine understory, Canged orientation from 360.",2024,37.4195730688459,-77.2505390873858,23,2,0,6,9,12,16,"RICH_134_BL_20240828.JPG","RICH_134_BR_20240828.JPG","RICH_134_UL_20240828.JPG","RICH_134_UR_20240828.JPG","134"
"FRSP-054","FRSP","1","Hydric- Swamps/Bogs","Park at tour stop 5, union breakthrough. 400 m from park road, bushwack.","Plot center in dry vernal pool. Vaccinium understory, oak canopy.",2023,38.2470163495373,-77.4443059848781,19,4,0,39,1,22,5,"FRSP_054_BL_20230829.JPG","FRSP_054_BR_20230829.JPG","FRSP_054_UL_20230829.JPG","FRSP_054_UR_20230829.JPG","054"
"FRSP-278","FRSP","4","Mesic- Flatwoods","Trail runs through bottom of plot","BR at base of large oak ; BL near trail and driven deep
orientation changed to 2. reset UR, BR, BM, UR- werent there. BL- rebar at 12 because of trail, no white stake",2026,38.249259779586,-77.4473405516241,7,1,0,70,16,29,12,"FRSP_278_BL_20260921.JPG","FRSP_278_BR_20260921.JPG","FRSP_278_UL_20260921.JPG","FRSP_278_UR_20260921.JPG","278"
"FRSP-001","FRSP","1","Mesic- Flatwoods","Walk along road then cut into woods. Site is 100 m in.","Fairly open site, mixed hardwood forest.",2023,38.2556244259217,-77.4618266977242,19,2,0,12,2,14,5,"FRSP_001_BL_20230829.JPG","FRSP_001_BR_20230829.JPG","FRSP_001_UL_20230829.JPG","FRSP_001_UR_20230829.JPG","001"
"RICH-020","RICH","1","Xeric- Dry Slopes","Drive down Anderson-Wright Dr and park at the pull-off that says Confederate Fortifications. Took the more southern trail route to plot. Maybe in future park further down the road to take the more northern route over.","Close to old road. Gently sloping hill surrounded by trenches. Orientation changed from 360 to 5 degrees.
Tree 15182 in BL of plot excluded shrunk from tree data, tag was left in.",2023,37.5922607953117,-77.2925157635191,24,0,0,1,9,14,12,"RICH_020_BL_20230803.JPG","RICH_020_BR_20230803.JPG","RICH_020_UL_20230803.JPG","RICH_020_UR_20230803.JPG","020"
"FRSP-116","FRSP","2","Mesic- Moist Slopes and Coves","Park on loop road when 90 m from the plot. Easy short bushwack","White canopy, lots white oak seedlings. Sparse mid story",2024,38.2232649220263,-77.6091062061448,13,4,0,95,7,25,16,"FRSP_116_BL_20240826.JPG","FRSP_116_BR_20240826.JPG","FRSP_116_UL_20240826.JPG","FRSP_116_UR_20240826.JPG","116"
"PETE-298","PETE","4","Mesic- Moist Slopes and Coves","Park Rd. into forest, then off trail 200 meters.","Mixed hardwood canopy, Mic vim in understory. Changed orientation from 334 to 338. Tree on bottom line looks out, it is painted but is not listed in trees. Previous crews probably determined it was out.",2026,37.2260922704493,-77.357518703855,17,0,0,7,3,26,11,"PETE_298_BL_20260810.JPG","PETE_298_BR_20260810.JPG","PETE_298_UL_20260810.JPG","PETE_298_UR_20260810.JPG","298"
"FRSP-017","FRSP","1","Mesic- Rolling Uplands","Park along tour road before wetland, bushwack 200m","Mixed hardwood canopy with sparse groundcover",2023,38.216917676596,-77.588950059794,22,2,0,1,2,13,17,"FRSP_017_BL_20230918.JPG","FRSP_017_BR_20230918.JPG","FRSP_017_UL_20230918.JPG","FRSP_017_UR_20230918.JPG","017"
"FRSP-210","FRSP","3","Mesic- Flatwoods","park on tour road past the vistor center and take trail to first intersection and turn right, plot is 30m from trail","mixed hardwood with heath and ilex understory; orientation changed from previously stated 360",2025,38.3125995665304,-77.6465906744625,14,1,0,4,12,13,5,"FRSP_210_BL_20250911.JPG","FRSP_210_BR_20250911.JPG","FRSP_210_UL_20250911.JPG","FRSP_210_UR_20250911.JPG","210"
"FRSP-315","FRSP","4","Mesic- Flatwoods","Go 250m at 56 deg. From McCoull house site.","Moved plot 20 m north due to yellow jacket nest.  DMS got stung 5 times; 2 in left arm ,1 on chest, and 2 on the head and face region!!!! 2014 - White oak canopy, sparse understory.",2026,38.2214387089463,-77.597608000592,10,1,0,3,5,7,13,"FRSP_315_BL_20260818.JPG","FRSP_315_BR_20260818.JPG","FRSP_315_UL_20260818.JPG","FRSP_315_UR_20260818.JPG","315"
"PETE-135","PETE","2","Mesic- Flatwoods","Park at parking lot for reconstructed fort. Take Prince George C.H. Road (red blazes), and then take the first right to the Waterline trail (yellow blazes). Waterline will take you within 25 m of plot.","Pine/oak overstory with open and sparse pine needle understory.",2024,37.230718101687,-77.3519486247949,24,1,0,13,4,18,7,"PETE_135_BL_20240812.JPG","PETE_135_BR_20240812.JPG","PETE_135_UL_20240812.JPG","PETE_135_UR_20240812.JPG","135"
"RICH-307","RICH","4","Mesic- Floodplains/Bottomlands","Take dirt road under power lines w/ the Ship and Wilson lanscaping sign. Plot on left park at fence/gate.","Large tip-up in plot. Mixed hardwood, open canopy. Shrubby subcanopy with ferns in understory.  Very large dead fallen tree through plot creating very large tip-up and large depression near UL microplot.  UL microplot reset to 7m after being misplaced by tip-up. Plot center was covered in a layer of mud, may have to excavate to find it. Rubber boots suggested.",2026,37.5588345081021,-77.2716466638047,26,4,0,8,8,32,10,"RICH_307_BL_20260910.JPG","RICH_307_BR_20260910.JPG","RICH_307_UL_20260910.JPG","RICH_307_UR_20260910.JPG","307"
"FRSP-127","FRSP","2","Xeric- Dry Slopes","park on tour rd.","oak heath, a bit open. Changed plot orientation from 113 to 93",2024,38.3058950200765,-77.6406409452065,11,1,0,2,9,13,6,"FRSP_127_BL_20240821.JPG","FRSP_127_BR_20240821.JPG","FRSP_127_UL_20240821.JPG","FRSP_127_UR_20240821.JPG","127"
"PETE-193","PETE","3","Mesic- Flatwoods","Drive along field by tree line to trail; continue about 300 m to park; Hike in perpendicular to trail 100 m","Loblolly pine canopy with holly and tuliptree midstory.  Little understory growth.",2025,37.1414677217249,-77.6278135135025,41,4,0,1,26,16,14,"PETE_193_BL_20250820.JPG","PETE_193_BR_20250820.JPG","PETE_193_UL_20250820.JPG","PETE_193_UR_20250820.JPG","193"
"FRSP-149","FRSP","2","Xeric- Dry Slopes","Park at Chewing Farm on Hill-Ewell Rd about 1 km from plot. Take the rightmost entrace to the field. Walk left along field to use road to cross stream/strip of shrubbery. Then walk across field and through woods to plot. When you reach the stream shown on the GPS, stay west to cross two smaller streams instead of one big one.","Mixed hardwood canopy, lycopodium, hog peanut, and fern ground cover. 2021- changed orientation from 348 to 328.",2024,38.2965308543301,-77.7546894993294,18,3,0,28,17,29,18,"FRSP_149_BL_20240821.JPG","FRSP_149_BR_20240821.JPG","FRSP_149_UL_20240821.JPG","FRSP_149_UR_20240821.JPG","149"
"FRSP-056","FRSP","1","Mesic- Rolling Uplands","Park on Hancock road in a safe place. Plot is only about 100m from the road.","Mixed hardwood canopy with ilex understory, lots of quercus alba seedlings.",2023,38.213951604436,-77.62027367978,13,2,0,112,4,23,15,"FRSP_056_BL_20230919.JPG","FRSP_056_BR_20230919.JPG","FRSP_056_UL_20230919.JPG","FRSP_056_UR_20230919.JPG","056"
"FRSP-220","FRSP","3","Xeric- Dry Slopes","Park on Bullock Rd where trail crosses road and walk 40m to plot.  2009: Plot moved 20 meters east to avoid a confederate trench.","White oak and virginia pine canopy, gaylussacia ground cover",2025,38.3147198638124,-77.6464619480936,15,1,0,9,5,13,9,"FRSP_220_BL_20250902.JPG","FRSP_220_BR_20250902.JPG","FRSP_220_UL_20250902.JPG","FRSP_220_UR_20250902.JPG","220"
"PETE-270","PETE","4","Mesic- Flatwoods","~130 m @ 188 degrees. Park at trailhead parking.","Pinus taeda canopy with mixed hardwoods; Vacciniums and Vitis rotundifolia ground cover. LIQ STY near plot center (tag #9771) XS shrank to 9.9cm DBH -2026",2026,37.1368232253775,-77.633246964191,29,1,0,1,13,19,16,"PETE_270_BL_20260812.JPG","PETE_270_BR_20260812.JPG","PETE_270_UL_20260812.JPG","PETE_270_UR_20260812.JPG","270"
"RICH-016","RICH","1","Hydric- Swamps/Bogs","Park on Carter's Mill Rd, next to field. Cross field than cut in to woods, 550m total. Plot is on the edge of beaver wetland complex.","Plot was dry when visited in 2015 but is right on the edge of a beaver wetland complex and is very likely to flood. Many signs of beaver activity, but none of this activity appears to be recent. Microstegium/sedge/rush groundcover, Pinus taeda canopy with some acer rubrum.",2023,37.421664035929,-77.261855878353,24,2,0.1,33,6,23,11,"RICH_016_BL_20230821.JPG","RICH_016_BR_20230821.JPG","RICH_016_UL_20230821.JPG","RICH_016_UR_20230821.JPG","016"
"FRSP-205","FRSP","3","Mesic- Other Mesic","190 Church Lane, Locust Grove,VA;  Enter trailhead at the back of church parking lot; follow to plot; plot about 30 meters form trail.","Oak canopy with mixed hardwood sapling understory. Changed orientation from 360 to 2.",2025,38.3254110689081,-77.7671748088036,6,2,0.1,11,7,23,22,"FRSP_205_BL_20250828.JPG","FRSP_205_BR_20250828.JPG","FRSP_205_UL_20250828.JPG","FRSP_205_UR_20250828.JPG","205"
"FRSP-280","FRSP","4","Mesic- Flatwoods","Parked in church parking lot across rd.","Mixed hardwood canopy, mountain laurel/vacc understory",2026,38.3192873581753,-77.6412985486187,18,2,0,1,9,14,8,"FRSP_280_BL_20260825.JPG","FRSP_280_BR_20260825.JPG","FRSP_280_UL_20260825.JPG","FRSP_280_UR_20260825.JPG","280"
"FRSP-124","FRSP","2","Mesic- Flatwoods","Park on one-way and look for a break in the the mountain laurel. Hike 200m to plot.","Oak/pine, heath understory.",2024,38.3147337366561,-77.6410531832208,13,3,0,7,4,16,9,"FRSP_124_BL_20240820.JPG","FRSP_124_BR_20240820.JPG","FRSP_124_UL_20240820.JPG","FRSP_124_UR_20240820.JPG","124"
"PETE-308","PETE","4","Mesic- Moist Slopes and Coves","take trail near beginning of one way for 200 meters plot 50 meters from trail
located near stream","Mixed hardwood w/ gaylussacia/vaccinium understory. Changed orientation to 67 from 70 - 2014.",2026,37.2350383501527,-77.3549457882757,17,0,0,15,7,22,14,"PETE_308_BL_20260810.JPG","PETE_308_BR_20260810.JPG","PETE_308_UL_20260810.JPG","PETE_308_UR_20260810.JPG","308"
"FRSP-048","FRSP","1","Mesic- Flatwoods","Park on tour road, 100m bushwack through moderately dense kalmia.","Quercus alba canopy, nyssa sylvatica and liquidambar subcanopy. Moderately dense kalmia latifolia midstory. Gaylussacia ground cover. Downed pinus crown just to the left of plot center.",2023,38.3147958898532,-77.6438915921359,18,3,0,2,9,14,3,"FRSP_048_BL_20230831.JPG","FRSP_048_BR_20230831.JPG","FRSP_048_UL_20230831.JPG","FRSP_048_UR_20230831.JPG","048"
"FRSP-122","FRSP","2","Xeric- Dry Tops","Park at the end of the loop road spur and hike in on the trail until about 40 meters from the plot.","Oak Hickory canopy with large canopy gap. Ilex opaca and Cornus subcanopy. Sparse ground cover. Upper center is about 360 degrees but we changed plot orientation by 4 degrees so that all of the corners were within tolerance. (8/27/24 update: Orientation changed to 357 to accommodate stakes, which were all 8 to 11 degrees too low.)",2024,38.2142435941528,-77.6059515949428,14,2,0,15,8,16,16,"FRSP_122_BL_20240827.JPG","FRSP_122_BR_20240827.JPG","FRSP_122_UL_20240827.JPG","FRSP_122_UR_20240827.JPG","122"
"PETE-302","PETE","4","Mesic- Flatwoods","40 m from trail easterly.
Take trail from equestrian trailhead.","Loblolly pine with mixed hardwood midstory and sparse understory. Orientation changed from 360",2026,37.146334991214,-77.6139215515135,44,1,0,5,7,13,19,"PETE_302_BL_20260811.JPG","PETE_302_BR_20260811.JPG","PETE_302_UL_20260811.JPG","PETE_302_UR_20260811.JPG","302"
"PETE-141","PETE","2","Mesic- Floodplains/Bottomlands","Parked in Crater parking about 280 m from the plot. Take forest edge to plot. Do not cross ravine/drainage ditch. Can follow ditch to the plot.","Microstegium understory with oak canopy. Large stream/ravine running through the plot. Do not do when wet! Ravine is slippery in the rain.",2024,37.2165629249115,-77.3797700723375,15,1,1.3,13,0,21,11,"PETE_141_BL_20240812.JPG","PETE_141_BR_20240812.JPG","PETE_141_UL_20240812.JPG","PETE_141_UR_20240812.JPG","141"
"RICH-019","RICH","1","Hydric- Small Drain","800 m walk from Turkey Hill Trail (road name). Bushwack is through wet floodplain with lots of smilax. Or continue up rd past gate, cut into forest after small pond and stay on the high ground to approach plot from the east. That is drier but you might be trepassing.","Bottom half of plot is wet and muddy. Amount of water probably varies from year to year but boots would be handy for the plot as well as the walk in.",2023,37.5632987834502,-77.2775445384401,28,1,0,3,3,30,11,"RICH_019_BL_20230822.JPG","RICH_019_BR_20230822.JPG","RICH_019_UL_20230822.JPG","RICH_019_UR_20230822.JPG","019"
"RICH-238","RICH","3","Mesic- Other Mesic","Drive around gate in parking lot and follow trail. Veer off-trail and follow the field edge until within 50 m of plot. Or 550 m from parsonage parking lot. Take trail then cut into woods when perpendicular, not worth following field edge.","Bottom of plot partial wet meadow. Mixed hardwood canopy (mostly acer rubrum), fairly sparse ground cover of lonicera japonica, microstegium, and ferns.",2025,37.4150981106744,-77.2417957279836,16,3,0.2,3,5,20,13,"RICH_238_BL_20250910.JPG","RICH_238_BR_20250910.JPG","RICH_238_UL_20250910.JPG","RICH_238_UR_20250910.JPG","238"
"PETE-110","PETE","2","Mesic- Flatwoods","Park in gravel look. Plot up fire road off of White Oak road.  Take first left and go approx 100m.  Plot is 20 m to north of grits pt. b/c of proximity to fire road.","Pinus taeda canopy with mixed hardwood mid story. Sparse vitis and vaccinium ground cover",2024,37.1393270250881,-77.6333112913184,34,9,0,5,15,15,14,"PETE_110_BL_20240813.JPG","PETE_110_BR_20240813.JPG","PETE_110_UL_20240813.JPG","PETE_110_UR_20240813.JPG","110"
"RICH-129","RICH","2","Mesic- Rolling Uplands","Park at field gate on Willis Church Rd (at SE corner of field). Walk southwest along edge of field. Easy 165m bushwhack to plot from field edge through dense Microstegium understory. Other option is to park on roadside near pipeline access gate and walk access cut to plot. Park on grassy roadside.  Walk pipeline right-of-way or road w/ cable gate to access plot. Old household trash dump partially in plot, mostly scattered glass bottles.","Mostly Liriodendron overstory with ferns and Microstegium in understory. Plot is on edge of access cut. UC is directly behind a tree.",2024,37.4221136142978,-77.2448976291461,21,0,0.1,7,9,26,14,"RICH_129_BL_20240828.JPG","RICH_129_BR_20240828.JPG","RICH_129_UL_20240828.JPG","RICH_129_UR_20240828.JPG","129"
"FRSP-059","FRSP","1","Mesic- Flatwoods","Park on tour road and bushwack about 650m.","Quercus alba canopy, ilex opaca subcanopy, sparse groundcover. Changed orientation to 9 from 360.",2023,38.2122273395864,-77.597326009051,16,0,0,8,9,12,14,"FRSP_059_BL_20230918.JPG","FRSP_059_BR_20230918.JPG","FRSP_059_UL_20230918.JPG","FRSP_059_UR_20230918.JPG","059"
"FRSP-201","FRSP","3","Xeric- Dry Slopes","Park on tour road, walk 70m.","Oak/hickory with sparse understory. Changed orientation from previously recorded 164",2025,38.2536229397266,-77.4502636993907,6,1,0,38,8,27,17,"FRSP_201_BL_20250825.JPG","FRSP_201_BR_20250825.JPG","FRSP_201_UL_20250825.JPG","FRSP_201_UR_20250825.JPG","201"
"PETE-109","PETE","2","Mesic- Flatwoods","Drive in on fire rd/trail, then hike west to plot on smaller trail.","Loblolly overstory with heath/Clethra understory. 2021- changed orientation from 270 to 273. Orientation changed from 273 to 276",2024,37.143503417104,-77.6363717074027,29,4,0,2,21,11,17,"PETE_109_BL_20240813.JPG","PETE_109_BR_20240813.JPG","PETE_109_UL_20240813.JPG","PETE_109_UR_20240813.JPG","109"
"FRSP-018","FRSP","1","Mesic- Floodplains/Bottomlands","Park at Heth's Salient and walk down rd about 50m. Plot is just off the rd, to the west of a culvert.","Mixed hardwood canopy, sparse ground cover. Left side of plot is washed out from culvert.",2023,38.2146039672503,-77.5860014888736,13,0,0,4,1,13,21,"FRSP_018_BL_20230918.JPG","FRSP_018_BR_20230918.JPG","FRSP_018_UL_20230918.JPG","FRSP_018_UR_20230918.JPG","018"
"PETE-186","PETE","3","Mesic- Rolling Uplands","Drive in to Petersburg National Park HQ. Follow the signs for horse parking, and park at horse trailer parking lot. Hike about 200m east to plot across small stream.","Mixed oak and loblolly canopy with sparse groundcover.",2025,37.2237589303598,-77.3574798421047,19,1,0,4,5,15,16,"PETE_186_BL_20250818.JPG","PETE_186_BR_20250818.JPG","PETE_186_UL_20250818.JPG","PETE_186_UR_20250818.JPG","186"
"PETE-269","PETE","4","Mesic- Moist Slopes and Coves","Trail marked with yellow rectangle runs through bottom of plot","Pinus taeda canopy with Que alb midstory, sparse groundcover. Stakes sunk close to ground level especially bottom micro (on east side of trail, only rebar) trees tagged away from trail. BL corner only has rebar. 2022: Reset BC micro - stake and rebar not located. Stake and rebar placed around 1 m closer to plot center due to BC micro being in a social trail. BC micro data was collected at the original spot.",2026,37.1461312375593,-77.6251718848555,19,16,0,5,9,14,14,"PETE_269_BL_20260811.JPG","PETE_269_BR_20260811.JPG","PETE_269_UL_20260811.JPG","PETE_269_UR_20260811.JPG","269"
"FRSP-227","FRSP","3","Mesic- Rolling Uplands","Plot moved 20 meters North due to a property line;
directions: Park on Wilderness Road in Wilderness Lake neighborhood 2","Grassy, ferny ground cover with exotics coming in. Mixed hardwood canopy.",2025,38.2969613006685,-77.7432498611357,13,3,1.2,8,6,31,15,"FRSP_227_BL_20250828.JPG","FRSP_227_BR_20250828.JPG","FRSP_227_UL_20250828.JPG","FRSP_227_UR_20250828.JPG","227"
"RICH-131","RICH","2","Xeric- Dry Slopes","Park on Carter Mill road by gate, take trail across the street until 35m to plot.","Beech slope with chrismas fern. Bottom of plot picks up some herbaceaous swampy area and stream. BR offset at 12m to avoid stream. 2021 - we got orientation at 240 but did not change in case it was our trupulse",2024,37.4219149721287,-77.2477617532431,12,1,0.1,35,1,33,10,"RICH_131_BL_20240828.JPG","RICH_131_BR_20240828.JPG","RICH_131_UL_20240828.JPG","RICH_131_UR_20240828.JPG","131"
"FRSP-279","FRSP","4","Mesic- Flatwoods","Approach: 200m @ 243 deg. From road on the other side of blowdown. Approach from west of the small field to avoid blowdowns.","Mixed hardwood with sparse vaccinium understory",2026,38.3148793513762,-77.6381880028304,23,3,0,2,1,13,8,"FRSP_279_BL_20260825.JPG","FRSP_279_BR_20260825.JPG","FRSP_279_UL_20260825.JPG","FRSP_279_UR_20260825.JPG","279"
"FRSP-119","FRSP","2","Mesic- Flatwoods","Park at McCoull House site (gravel road on left after the start of the one way). Walk 130m to plot.","Young Virg. Pine and mixed hardwood forest, sparse ground cover.",2024,38.221163970783,-77.6002480093617,41,5,0,3,5,16,13,"FRSP_119_BL_20240826.JPG","FRSP_119_BR_20240826.JPG","FRSP_119_UL_20240826.JPG","FRSP_119_UR_20240826.JPG","119"
"PETE-068","PETE","1","Mesic- Flatwoods","Park at tour stop past visitor visitor. Easy bushwack to plot.","Orientation changed to 5 degrees. Pinus taeda with hardwoods growing in. Vaccinium and seedling groundcover.",2023,37.1350902141011,-77.6134331095812,31,1,0,21,12,22,10,"PETE_068_BL_20230815.JPG","PETE_068_BR_20230815.JPG","PETE_068_UL_20230815.JPG","PETE_068_UR_20230815.JPG","068"
"FRSP-045","FRSP","1","Mesic- Floodplains/Bottomlands","Park at Chancellorsvill visitor center. Walk back along plank rd. Plot is 30m from rd.","Sedge groundcover. Floodzone/temporary stream thoughout plot. Could have water in wet weather. Dry in 2015. Maple/sweet gum canopy.",2023,38.31034683273,-77.6461999875431,22,2,0,3,6,16,11,"FRSP_045_BL_20230828.JPG","FRSP_045_BR_20230828.JPG","FRSP_045_UL_20230828.JPG","FRSP_045_UR_20230828.JPG","045"
"RICH-153","RICH","2","Mesic- Moist Slopes and Coves","Upslope from bridge over creek.","Fallen trees have opened the canopy above the bottom of this plot. Lots of regen and CWD.",2024,37.5766471614847,-77.2890815105135,13,0,0.1,5,31,14,14,"RICH_153_BL_20240801.JPG","RICH_153_BR_20240801.JPG","RICH_153_UL_20240801.JPG","RICH_153_UR_20240801.JPG","153"
"FRSP-209","FRSP","3","Xeric- Dry Slopes","Park on Road and hike in","Mixed hardwood canopy with sparse understory. 2013- changed orientation to 240 from 230",2025,38.3055322055938,-77.7493015313673,16,3,0,21,5,18,21,"FRSP_209_BL_20250828.JPG","FRSP_209_BR_20250828.JPG","FRSP_209_UL_20250828.JPG","FRSP_209_UR_20250828.JPG","209"
"PETE-190","PETE","3","Xeric- Dry Slopes","Park at Crater parking lot and walk trail towards crater (via tunnel). After passing tunnel, turn into the woods and walk 200m to plot.","BC micro is at 29 degrees instead of 25. Lobolly-pine Tulip Poplar and Sweet Gum canopy with stilt grass understory.",2025,37.221159350402,-77.377063475292,22,2,0.1,0,3,16,18,"PETE_190_BL_20250818.JPG","PETE_190_BR_20250818.JPG","PETE_190_UL_20250818.JPG","PETE_190_UR_20250818.JPG","190"
"FRSP-123","FRSP","2","Mesic- Flatwoods","Just of tour road.","Virginia pine with oak midstory and ilex subcanopy. Sparse qround cover.",2024,38.3170659810895,-77.6411149718633,37,3,0,0,20,10,11,"FRSP_123_BL_20240819.JPG","FRSP_123_BR_20240819.JPG","FRSP_123_UL_20240819.JPG","FRSP_123_UR_20240819.JPG","123"
"FRSP-288","FRSP","4","Mesic- Flatwoods","park on your tour road, plot 30m from road","mixed hardwood and pine forest directly adjacent to road, sparse vaccinium understory",2026,38.2944700987717,-77.7345700459542,22,6,0,1,7,14,14,"FRSP_288_BL_20260824.JPG","FRSP_288_BR_20260824.JPG","FRSP_288_UL_20260824.JPG","FRSP_288_UR_20260824.JPG","288"
"FRSP-310","FRSP","4","Hydric- Small Drain","Park at pinic area near battlefield stop 4! Or Park on road, plot at ~75m from road.","2014 - changed orientation to 173 from 169. Mixed hardwood with ferns in understory, stream through plot.",2026,38.3101415108007,-77.749464236673,12,0,0.2,30,5,32,20,"FRSP_310_BL_20260908.JPG","FRSP_310_BR_20260908.JPG","FRSP_310_UL_20260908.JPG","FRSP_310_UR_20260908.JPG","310"
"FRSP-223","FRSP","3","Xeric- Dry Slopes","Park on side of River Rd., near Rt. 3, walk about 60m to plot.Or park at parking lot with canon and take trail across road through cornfield, 250m. Plot is 20 m from trail Old trench or sunken road runs through plot","Changed plot orientation from 234 to 237.  Successional Virginia Pine with oak and Nyssa canopy, heath understory.  Fairly open canopy with fallen pines.",2025,38.3083474667733,-77.6321536048507,17,2,0,6,9,15,11,"FRSP_223_BL_20250902.JPG","FRSP_223_BR_20250902.JPG","FRSP_223_UL_20250902.JPG","FRSP_223_UR_20250902.JPG","223"
"PETE-025","PETE","1","Mesic- Rolling Uplands","Enter park headquarters and continue driving back along right hand paved road to park at an empty lot used for horse trailers. Less than 50m to plot.","Plot orientation changed to 2 degrees from 360.",2023,37.2237136247261,-77.3602056509584,16,0,0,5,3,23,15,"PETE_025_BL_20230814.JPG","PETE_025_BR_20230814.JPG","PETE_025_UL_20230814.JPG","PETE_025_UR_20230814.JPG","025"
"RICH-064","RICH","1","Mesic- Moist Slopes and Coves","Park past gate at agricultural field off Willis Church Rd. Walk around west side of field and then cut into forest at 90m from plot.","Mic vim and fern ground cover, temperary stream at bottom of plot. Dry in 2015. Mixed hardwood canopy.",2023,37.4241784794406,-77.247682553396,24,1,0.1,2,14,23,15,"RICH_064_BL_20230821.JPG","RICH_064_BR_20230821.JPG","RICH_064_UL_20230821.JPG","RICH_064_UR_20230821.JPG","064"
"FRSP-121","FRSP","2","Xeric- Dry Slopes","Just off Anderson Drive.","White oak canopy woth nyssa undestory. White regen ground cover",2024,38.2165574227998,-77.606034170735,10,0,0,26,10,16,11,"FRSP_121_BL_20240826.JPG","FRSP_121_BR_20240826.JPG","FRSP_121_UL_20240826.JPG","FRSP_121_UR_20240826.JPG","121"
"PETE-067","PETE","1","Mesic- Flatwoods","Park at VC. Cross road and bushwack 200m to plot. Map shows a trail close to plot but not very good parking at elusive trailhead.","Vaccinium groundcover, Mostly oak canopy.",2023,37.1371868152276,-77.6164318416215,24,6,0,9,5,16,8,"PETE_067_BL_20230815.JPG","PETE_067_BR_20230815.JPG","PETE_067_UL_20230815.JPG","PETE_067_UR_20230815.JPG","067"
"PETE-066","PETE","1","Mesic- Rolling Uplands","Park off of courthouse road at tour stop 5. Walk down road and cross road to trail and follow trail almost to plot.","Orientation changed to 5.",2023,37.1437551669485,-77.6278814414208,17,2,0,54,11,8,14,"PETE_066_BL_20230815.JPG","PETE_066_BR_20230815.JPG","PETE_066_UL_20230815.JPG","PETE_066_UR_20230815.JPG","066"
"PETE-305","PETE","4","Mesic- Moist Slopes and Coves","drive to end of path dirt road follow yellow marked trail ~100m","Plot center is about 5 m from trail edge. UL micro stake was spray painted green. Pinus taeda canopy with Lir tul/oak in midstory. Clethra understory. Changed orientation from 360 to 359.",2026,37.1436837403713,-77.6306932093558,33,5,0,3,10,14,17,"PETE_305_BL_20260811.JPG","PETE_305_BR_20260811.JPG","PETE_305_UL_20260811.JPG","PETE_305_UR_20260811.JPG","305"
"FRSP-044","FRSP","1","Mesic- Flatwoods","Mosey on down across the C-ville VC parking lot, then shuffle 30 meters from the road to the plot. DBM 2019","changed orientation from 360 to 7 degrees. KMO 2015 Fairly open canopy, mostly oak.",2023,38.31253090073,-77.6496300815323,12,2,0,8,3,13,13,"FRSP_044_BL_20230824.JPG","FRSP_044_BR_20230824.JPG","FRSP_044_UL_20230824.JPG","FRSP_044_UR_20230824.JPG","044"
"FRSP-224","FRSP","3","Xeric- Dry Slopes","Park at Burnside's Ninth Corps; Plot 450 meters in. A lot of CWD between road and plot. Easier walking if you stay northwest of the direct line and curve back to plot.","Oak/hickory/beech canopy. Sparse understory.",2025,38.2123187361234,-77.5944171331745,14,0,0,4,7,14,24,"FRSP_224_BL_20250826.JPG","FRSP_224_BR_20250826.JPG","FRSP_224_UL_20250826.JPG","FRSP_224_UR_20250826.JPG","224"
"PETE-313","PETE","4","Mesic- Flatwoods","About 100m from trail road @ 84 deg.","Loblolly/mixed hardwood with sparse understory.",2026,37.2236401130896,-77.3629869220704,22,2,0,3,2,19,13,"PETE_313_BL_20260812.JPG","PETE_313_BR_20260812.JPG","PETE_313_UL_20260812.JPG","PETE_313_UR_20260812.JPG","313"
"FRSP-225","FRSP","3","Xeric- Dry Slopes","Park at end of Berry Paxton Rd. Hike in 100m to plot. Recommend dipping in further south from the plot rather than hiking straight to it in order to go around blowdown.","Oak and remnants of pine plantation. Pine plantation trees were blown down, plot has LOTS of CWD. BR transect essentially an impassable mound of down trees. Upper half of plot is very open with lots of LIQ STY and PIN TAE seedlings coming up.",2025,38.3057570726734,-77.6435632178774,11,3,0,13,10,21,18,"FRSP_225_BL_20250902.JPG","FRSP_225_BR_20250902.JPG","FRSP_225_UL_20250902.JPG","FRSP_225_UR_20250902.JPG","225"
"PETE-069","PETE","1","Mesic- Rolling Uplands","Park at parking lot with historical sign close to trail head of stewart trail. 300 m bushwack to plot.","Plot orientation changed to 7 from 360.",2023,37.1484354091383,-77.6196002238716,39,4,0,2,15,16,13,"PETE_069_BL_20230815.JPG","PETE_069_BR_20230815.JPG","PETE_069_UL_20230815.JPG","PETE_069_UR_20230815.JPG","069"
"FRSP-289","FRSP","4","Mesic- Moist Slopes and Coves","100m from unpaved road at 120-ish degrees","Virginia pine with mixed hardwood coming in. Lycopodium groundcover. Large blowdowns in left half of plot. Changed orientation from 206 to 212.",2026,38.3077421525543,-77.7522665761839,21,8,0.1,34,27,30,15,"FRSP_289_BL_20260824.JPG","FRSP_289_BR_20260824.JPG","FRSP_289_UL_20260824.JPG","FRSP_289_UR_20260824.JPG","289"
"FRSP-222","FRSP","3","Mesic- Rolling Uplands","Plot center moved 20 meters East due to a property boundary line; park on Hancock and walk 200m to plot","mixed hardwood with ilex and laurel midstory and sparse understory; changed orientation from 123 to 134;",2025,38.2139472269734,-77.6228887722171,14,1,0,1,12,12,21,"FRSP_222_BL_20250827.JPG","FRSP_222_BR_20250827.JPG","FRSP_222_UL_20250827.JPG","FRSP_222_UR_20250827.JPG","222"
"FRSP-152","FRSP","2","Mesic- Rolling Uplands","Park at visitor center and hike along trail then bushwack, total hike about 600m.",NA,2024,38.3144741373163,-77.6581177594181,9,5,0,72,18,17,15,"FRSP_152_BL_20240820.JPG","FRSP_152_BR_20240820.JPG","FRSP_152_UL_20240820.JPG","FRSP_152_UR_20240820.JPG","152"
"RICH-226","RICH","3","Xeric- Dry Slopes","Park at field; Hike propertry line unitl an old road (waypoint: Road-226); veer off road when perpendicular to plot.  Hike about 300m to plot. Or park at entrance to field on Willis Church rd and hike perimeter (go around the righthand side) before cutting into forest to plot. Total hike: an easy 750m.","Tulip poplar/sweetgum canopy with little understory.  Changed plot orientation from 106 to 102 deg. In 2013.",2025,37.4286006157937,-77.2478261248769,14,0,0,2,6,23,12,"RICH_226_BL_20250910.JPG","RICH_226_BR_20250910.JPG","RICH_226_UL_20250910.JPG","RICH_226_UR_20250910.JPG","226"
"FRSP-118","FRSP","2","Xeric- Dry Slopes","Park at exhibit shelter and take trail back by the entrance. Walk 500m along trail then cut in after the trail reenters the woods when you are 90m away from the plot.","Very open understory. Jun vir/lir tul with lots of liq sty seedlings. Edge forest. 2021 - majority mic vim ground cover with dense, tall liq sty regen.",2024,38.2141246989931,-77.6117032128967,33,9,0.2,73,29,34,19,"FRSP_118_BL_20240826.JPG","FRSP_118_BR_20240826.JPG","FRSP_118_UL_20240826.JPG","FRSP_118_UR_20240826.JPG","118"
"FRSP-057","FRSP","1","Mesic- Rolling Uplands","Head straight into the forest from the visitors center parking lot. Pinus virginia transitioning to mixed hardwood. Lots of Coarse woody debris.","Giant hornets nest in ur microplot.  Bee careful!",2023,38.218707529228,-77.6090232874369,21,7,0,28,21,24,14,"FRSP_057_BL_20230918.JPG","FRSP_057_BR_20230918.JPG","FRSP_057_UL_20230918.JPG","FRSP_057_UR_20230918.JPG","057"
"FRSP-047","FRSP","1","Mesic- Flatwoods","Park at Tour stop 2 (Bullock house). Take trail for 500m . Bushwack 60 m.",NA,2023,38.3192882839419,-77.6440548527943,17,6,0,7,6,16,9,"FRSP_047_BL_20230831.JPG","FRSP_047_BR_20230831.JPG","FRSP_047_UL_20230831.JPG","FRSP_047_UR_20230831.JPG","047"
"PETE-026","PETE","1","Mesic- Flatwoods","NO DIRECTIONS ENTERED YET","Plot orientation changed from 360 to 5 degrees.",2023,37.2373446701955,-77.3549837555153,23,4,0,4,2,14,13,"PETE_026_BL_20230814.JPG","PETE_026_BR_20230814.JPG","PETE_026_UL_20230814.JPG","PETE_026_UR_20230814.JPG","026"
"PETE-194","PETE","3","Xeric- Dry Slopes","Park at the parking lot on Courthouse Rd (auto tour stop #5) then walk north along road 100m to trail on left. Take trail and turn right on Pine Rock trail, follow that to plot.","Pine plantation with mixed hardwood growing in below and vaccinium understory",2025,37.1504990242526,-77.6253004505319,38,7,0,10,6,18,11,"PETE_194_BL_20250819.JPG","PETE_194_BR_20250819.JPG","PETE_194_UL_20250819.JPG","PETE_194_UR_20250819.JPG","194"
"FRSP-115","FRSP","2","Xeric- Dry Slopes","Park on North Lee and hike 400m up trail. Or, 125m from powerline cut.","Oak canopy, mixed hardwood subcanopy. Sparse groundcover. 2021- changed orientation from 322 to 328",2024,38.2736065625199,-77.4709608164767,15,0,0,9,11,14,19,"FRSP_115_BL_20240829.JPG","FRSP_115_BR_20240829.JPG","FRSP_115_UL_20240829.JPG","FRSP_115_UR_20240829.JPG","115"
"PETE-136","PETE","2","Mesic- Flatwoods","Park at resource management office, or walk 700 m from parking lot with reconstructed fort on tour road. The trail is potentially driveable.","Tulip poplar and sweetgum overstory with some Ilex in midstory. Understory mostly sparse with patches of Microstegium.",2024,37.2261493608312,-77.3519306237365,30,2,0.1,4,6,17,16,"PETE_136_BL_20240814.JPG","PETE_136_BR_20240814.JPG","PETE_136_UL_20240814.JPG","PETE_136_UR_20240814.JPG","136"
"FRSP-235","FRSP","3","Xeric- Dry Slopes","Park at Jackson Trench sign; take trail until second sign for Hooker's 'midnight' before veering off into woods","Oak canopy with some sweetgum and Nyssa regen.  Changed plot orientation from 167 to 165 deg. (2013).",2025,38.3169736262587,-77.6468069662982,10,6,0,59,30,15,20,"FRSP_235_BL_20250911.JPG","FRSP_235_BR_20250911.JPG","FRSP_235_UL_20250911.JPG","FRSP_235_UR_20250911.JPG","235"
"FRSP-228","FRSP","3","Xeric- Dry Slopes","Park at Bloody Angle lot; Follow dirt road (with locked gate) unitl the road has a sharp change in direction; Contiue 150 degrees (?) for 330 meters (?) to an old trail/road; follow road until 80 meters from plot. OR: park at Upton's Trail pulloff and walk along road until 275m from plot. Easy bushwack, shaded.","white oak with sparse understory",2025,38.2256312297803,-77.6035825005741,10,5,0,4,6,13,17,"FRSP_228_BL_20250826.JPG","FRSP_228_BR_20250826.JPG","FRSP_228_UL_20250826.JPG","FRSP_228_UR_20250826.JPG","228"
"FRSP-003","FRSP","1","Mesic- Floodplains/Bottomlands","Park on Lee Drive, bushwack in about 400m","Center tag #12347. Sparse groundcover, Quercus alba canopy. Temporary stream running along left side of plot.",2023,38.2581617949165,-77.4503819339954,18,1,0,23,5,14,10,"FRSP_003_BL_20230823.JPG","FRSP_003_BR_20230823.JPG","FRSP_003_UL_20230823.JPG","FRSP_003_UR_20230823.JPG","003"
"RICH-133","RICH","2","Xeric- Other Xeric","Walked along old road off Carter Mill Rd across field. Walked along old road bed into forest to plot.","Pinus taeda canopy with mixed hardwood coming in. sparse ground cover.",2024,37.4194022286283,-77.2590195530707,35,5,0.1,2,14,18,13,"RICH_133_BL_20240828.JPG","RICH_133_BR_20240828.JPG","RICH_133_UL_20240828.JPG","RICH_133_UR_20240828.JPG","133"
"FRSP-316","FRSP","4","Mesic- Moist Slopes and Coves","Park on Burnside Dr after stream, about 250 m away. Walk to plot on south side of creek to avoid wetland.","Plot is oak/hickory/beech forest on moderate slope. 2014 - changed orientation to 148 from 140 degrees.",2026,38.2167556001165,-77.5946547169156,13,1,0,17,8,15,13,"FRSP_316_BL_20260908.JPG","FRSP_316_BR_20260908.JPG","FRSP_316_UL_20260908.JPG","FRSP_316_UR_20260908.JPG","316"
"FRSP-234","FRSP","3","Xeric- Dry Slopes","Park on tour road and walk south on East edge of large field.  Turn east and hike about 225m to plot","Virginia pine/hardwood mixed canopy with little understory.  Changed plot orientation from 183 to 185 to reflect plot layout better (2013).",2025,38.2144491307293,-77.5974963949511,17,10,0,2,25,10,12,"FRSP_234_BL_20250827.JPG","FRSP_234_BR_20250827.JPG","FRSP_234_UL_20250827.JPG","FRSP_234_UR_20250827.JPG","234"
"FRSP-113","FRSP","2","Mesic- Rolling Uplands","Park at end of lee drive and walk in along trail. Cut into forest and walk to plot. A few old roads","Lots of jun vir. sparse ground cover. Old road at top of plot. Center cap very flush to ground, we had to dig for it.",2024,38.2449634758947,-77.438604406949,30,11,0.1,2,9,25,16,"FRSP_113_BL_20240829.JPG","FRSP_113_BR_20240829.JPG","FRSP_113_UL_20240829.JPG","FRSP_113_UR_20240829.JPG","113"
"PETE-300","PETE","4","Mesic- Floodplains/Bottomlands","park at equistrian trail head, about 600m on trail, plot 300m at 90 degrees from trail","Mixed hardwood, shrubby understory, clethra and ferns, stream through plot",2026,37.1508078918454,-77.6113286394874,19,2,0.1,3,12,28,15,"PETE_300_BL_20260811.JPG","PETE_300_BR_20260811.JPG","PETE_300_UL_20260811.JPG","PETE_300_UR_20260811.JPG","300"
"PETE-198","PETE","3","Mesic- Rolling Uplands","Drive to end of passable trail near second fort. Continue along trail until 30m from plot. Near Park Boundary (somewhat unclear exact locaiton of boundary).","Mixed hardwood canopy, vaccium and vitis ground cover.",2025,37.1698678044559,-77.4597912957749,21,1,0,50,5,26,13,"PETE_198_BL_20250819.JPG","PETE_198_BR_20250819.JPG","PETE_198_UL_20250819.JPG","PETE_198_UR_20250819.JPG","198"
"RICH-207","RICH","3","Hydric- Swamps/Bogs","Park on Turkey Hill Trl and walk 270 meters through swamp. Water gets pretty deep in some areas. Highly recommend waders for getting across swamp","Half of plot is open, wet meadow. Other half is mixed hardwood with ferns and smilax groundcover. Changed orientation to 9 from 360",2025,37.5563768294688,-77.2743227024965,33,1,0,3,8,18,14,"RICH_207_BL_20250909.JPG","RICH_207_BR_20250909.JPG","RICH_207_UL_20250909.JPG","RICH_207_UR_20250909.JPG","207"
"FRSP-120","FRSP","2","Mesic- Floodplains/Bottomlands","Park near Meade Pyramid overlook.  Cross RxR tracks to the NE to get to plot, about 500m.","Sparse understory. Willow oak overstory.  Seasonally flooded, dry in late summer.",2024,38.2538579526336,-77.4359536484952,16,7,0,23,0,15,8,"FRSP_120_BL_20240829.JPG","FRSP_120_BR_20240829.JPG","FRSP_120_UL_20240829.JPG","FRSP_120_UR_20240829.JPG","120"
"FRSP-211","FRSP","3","Mesic- Flatwoods","Park at Brock rd /Orange Plank rd intersection (Vermont Monument) parking lot. Take right hand trail until 30m from plot.","Oakcanopy with sparse vaccinium understory.",2025,38.2998012603154,-77.7090790773796,14,4,0,15,2,9,7,"FRSP_211_BL_20250828.JPG","FRSP_211_BR_20250828.JPG","FRSP_211_UL_20250828.JPG","FRSP_211_UR_20250828.JPG","211"
"FRSP-199","FRSP","3","Mesic- Other Mesic","Park near Q2 and bushwack through dense Ilex for 350m.","Dense Ilex understory. Mixed hardwood canopy.",2025,38.2802629791117,-77.4710722451724,21,6,0.2,7,22,19,17,"FRSP_199_BL_20250825.JPG","FRSP_199_BR_20250825.JPG","FRSP_199_UL_20250825.JPG","FRSP_199_UR_20250825.JPG","199"
"FRSP-142","FRSP","2","Mesic- Rolling Uplands","Take Grant Dr. (main park road) roughly 1 mi. to parking area on left.  Walk ~1 km. on trail toward Landrum House site shown on park map; plot short distance beyond that.","Tulip poplar/pinus virg canopy, beech subcanopy with lycopodium groundcover. Changed plot orientation from 214 to 217",2024,38.2281448346394,-77.592203891661,20,4,0,4,9,6,21,"FRSP_142_BL_20240826.JPG","FRSP_142_BR_20240826.JPG","FRSP_142_UL_20240826.JPG","FRSP_142_UR_20240826.JPG","142"
"FRSP-046","FRSP","1","Mesic- Floodplains/Bottomlands","Park along route 3, there is a cut off parking spot between the two lanes of traffic about 500m before the visitors center entrance.  Walk along the road about 50 m and then head into the forest for about 50 m, right along a stream","Bring boots if it’s a wet year.  Ferns and carex understory with an oak canopy.",2023,38.3102942312162,-77.6437394667796,18,1,0,1,1,17,14,"FRSP_046_BL_20230828.JPG","FRSP_046_BR_20230828.JPG","FRSP_046_UL_20230828.JPG","FRSP_046_UR_20230828.JPG","046"
"FRSP-043","FRSP","1","Mesic- Rolling Uplands","Park at Chancelorsville visitor center parking lot. About 550m from there, 450m bushwack.","Mostly Pinus virginiana canopy with oak coming in. Vaccinium/gaylussacia groundcover.",2023,38.3122879463562,-77.6551904128397,28,6,0,8,15,20,10,"FRSP_043_BL_20230828.JPG","FRSP_043_BR_20230828.JPG","FRSP_043_UL_20230828.JPG","FRSP_043_UR_20230828.JPG","043"
"PETE-301","PETE","4","Mesic- Flatwoods","About 100m from road @ 64 deg.","changed orientation from 190. mixed hardwood with vitis and gaylussacia understory. Several large down trees in and around plot creating a more open canopy. Sample in the morning.",2026,37.2235554880946,-77.3685739348631,10,0,0,254,4,29,11,"PETE_301_BL_20260812.JPG","PETE_301_BR_20260812.JPG","PETE_301_UL_20260812.JPG","PETE_301_UR_20260812.JPG","301"
"RICH-233","RICH","3","Xeric- Dry Slopes","Take trail to dead end, then head about 250m to plot. Old trail runs through top of plot","Sweetgum/oak canopy with blackgum mid-story and moderate regen and vines for understory.  Small, wet ditch runs through BL of plot.",2025,37.4151071840433,-77.2559980971757,17,1,0,10,4,20,17,"RICH_233_BL_20250909.JPG","RICH_233_BR_20250909.JPG","RICH_233_UL_20250909.JPG","RICH_233_UR_20250909.JPG","233"
"FRSP-276","FRSP","4","Mesic- Flatwoods","Park on the side of connector rd between Lee Extension and Mine rd and walk the ~200 meters to plot in forest parallel to Mine rd.","Early successtional plot: mostly Jun vir. Very open. Full size Ail alt trees near plot, seedings in plot. 2014 - changed orientation from 148 to 142. Reset UR corner; not located.",2026,38.2447697444949,-77.4414200326229,13,4,14.6,66,14,34,14,"FRSP_276_BL_20260817.JPG","FRSP_276_BR_20260817.JPG","FRSP_276_UL_20260817.JPG","FRSP_276_UR_20260817.JPG","276"
"RICH-063","RICH","1","Mesic- Flatwoods","Park at by gate to field off of Willis Church/156. Follow right edge of field - plot is a short walk.","Open understory with some mic vim. Mixed hardwood canopy.",2023,37.426472069249,-77.2450730242581,20,3,0,1,0,18,12,"RICH_063_BL_20230817.JPG","RICH_063_BR_20230817.JPG","RICH_063_UL_20230817.JPG","RICH_063_UR_20230817.JPG","063"
"FRSP-150","FRSP","2","Mesic- Moist Slopes and Coves","Right off of park road across from Higgerson Farm.","Lir tul canopy, stream bed/ravine through bottom of plot. Lycopodium and ferns groundcover.",2024,38.3079103488026,-77.7493227643964,18,0,0.2,11,8,24,24,"FRSP_150_BL_20240819.JPG","FRSP_150_BR_20240819.JPG","FRSP_150_UL_20240819.JPG","FRSP_150_UR_20240819.JPG","150"
"FRSP-273","FRSP","4","Xeric- Dry Slopes","Park at trail parking at intersection of Lloyd ln and Lee dr; Howison Hill. Trail goes through plot.","White oak canopy with black tupelo and holly midstory, vacciniums, gaylussacia and kalmia understory. Large PIN VIR canopy fallen through bottom half of the plot.",2026,38.2757417320279,-77.4709760667304,16,3,0,8,9,19,13,"FRSP_273_BL_20260819.JPG","FRSP_273_BR_20260819.JPG","FRSP_273_UL_20260819.JPG","FRSP_273_UR_20260819.JPG","273"
"PETE-138","PETE","2","Mesic- Flatwoods","drive in on trail from Resource office, park near fenced off utility building. Or 500m from rebuilt fort on oneway.","Stiltgrass understory, cedar over story.",2024,37.2307742443067,-77.3491214553927,15,0,1.2,26,3,17,9,"PETE_138_BL_20240812.JPG","PETE_138_BR_20240812.JPG","PETE_138_UL_20240812.JPG","PETE_138_UR_20240812.JPG","138"
"FRSP-204","FRSP","3","Mesic- Flatwoods","Park on tour road at first pullout, easy bushwack about 170m to plot.","White oak canopy, with Nyssa and sassafrass subcanopy. Kalmia and gaylussacia in understory.",2025,38.3100031907655,-77.6494465618501,11,1,0,3,10,10,9,"FRSP_204_BL_20250902.JPG","FRSP_204_BR_20250902.JPG","FRSP_204_UL_20250902.JPG","FRSP_204_UR_20250902.JPG","204"
"FRSP-282","FRSP","4","Mesic- Moist Slopes and Coves","50m @ 200 degrees from main roadside","sloped mixed hardwood; carex and ferns in understory",2026,38.3040113446334,-77.6234095349233,26,3,0.1,9,2,22,16,"FRSP_282_BL_20260825.JPG","FRSP_282_BR_20260825.JPG","FRSP_282_UL_20260825.JPG","FRSP_282_UR_20260825.JPG","282"
"PETE-297","PETE","4","Mesic- Flatwoods","Take trail.  Plot approx. 20m from trail.","mixed hardwood with sparse understory",2026,37.2351253944982,-77.3519278110793,18,1,0,17,3,24,18,"PETE_297_BL_20260810.JPG","PETE_297_BR_20260810.JPG","PETE_297_UL_20260810.JPG","PETE_297_UR_20260810.JPG","297"
"RICH-148","RICH","2","Mesic- Floodplains/Bottomlands","If you take trail from park parking bring boots and extra socks.  Bridge out in 2016 and had to cross the creek.  Plot mucky in places.  Easier to get to plot from cul de sac behind park.  Address of 7303 Old Cold Harbor rd. Mechanicsville, VA. 2024: bridge is up and easily crossable, even if not stream was not too high when we visited.","Weedy, microstegium filled plot with smilax. Next to wetland, large muck pits in plot. Mixed hardwood canopy. 2021- changed orientation to 345 from 360.",2024,37.595558749018,-77.3579086889524,29,1,0.2,2,2,23,13,"RICH_148_BL_20240815.JPG","RICH_148_BR_20240815.JPG","RICH_148_UL_20240815.JPG","RICH_148_UR_20240815.JPG","148"
"FRSP-319","FRSP","4","Mesic- Moist Slopes and Coves","Follow dirt road then 360 m off trail","Acidic Oak/Hickory. Sparse understory. Steep drop of in bottom half of plot. 2014 - changed orientation to 195 from 192 degrees.",2026,38.2278282907873,-77.612159216102,12,1,0,14,8,22,24,"FRSP_319_BL_20260820.JPG","FRSP_319_BR_20260820.JPG","FRSP_319_UL_20260820.JPG","FRSP_319_UR_20260820.JPG","319"
"FRSP-284","FRSP","4","Mesic- Flatwoods","~ 80m at 340 degrees off of the trail. 30 m off bridle path.","Mixed hardwood, large canopy gap with mid story regen. Sparse groundcover. 2014 - changed orientation from 360 to 257 degrees.",2026,38.3233697546394,-77.7585993127186,18,0,0,0,27,8,15,"FRSP_284_BL_20260908.JPG","FRSP_284_BR_20260908.JPG","FRSP_284_UL_20260908.JPG","FRSP_284_UR_20260908.JPG","284"
"FRSP-145","FRSP","2","Mesic- Rolling Uplands","20 m off park road. Park between the bloody angle and the fork in the road.","Fairly open oak/pine plot (surprisingly sunny). Sparse gaylussia ground cover, ilex opaca/ nyssa sylvatica midstory.",2024,38.2188668772749,-77.6030671632731,19,2,0,1,6,14,12,"FRSP_145_BL_20240827.JPG","FRSP_145_BR_20240827.JPG","FRSP_145_UL_20240827.JPG","FRSP_145_UR_20240827.JPG","145"
"FRSP-125","FRSP","2","Xeric- Dry Slopes","Park on Stewart Drive. Plot is 30m from road","White oak canopy, mixed harwood midstory, sparse gaylussacia ground cover",2024,38.3055743267699,-77.6520525155607,6,3,0,6,19,19,9,"FRSP_125_BL_20240821.JPG","FRSP_125_BR_20240821.JPG","FRSP_125_UL_20240821.JPG","FRSP_125_UR_20240821.JPG","125"
"PETE-139","PETE","2","Mesic- Flatwoods","About 70m west of the Visitor Center.","Sweetgum midstory, Loblolly overstory.",2024,37.2440528666485,-77.3579881755444,29,2,0,7,11,18,14,"PETE_139_BL_20240814.JPG","PETE_139_BR_20240814.JPG","PETE_139_UL_20240814.JPG","PETE_139_UR_20240814.JPG","139"
"FRSP-002","FRSP","1","Mesic- Flatwoods","Park on Lee drive. Short, easy bushwack","sparse groundcover, Oak canopy, ilex subcanopy. UL micro is set at 313 degrees for some reason. 2015 crew decided not to move it. Down trees covering about a quarter of the plot.",2023,38.2559187840871,-77.4503522686949,24,1,0,2,5,11,16,"FRSP_002_BL_20230823.JPG","FRSP_002_BR_20230823.JPG","FRSP_002_UL_20230823.JPG","FRSP_002_UR_20230823.JPG","002"
"FRSP-114","FRSP","2","Xeric- Dry Slopes","Park on S. Lee drive.  Hike SW about 300m","Some huckleberry understory, pretty open mid-story. Changed plot orientation from 187 to 170. Tree near the center of the plot fell down and now there is a large canopy gap - 2024.",2024,38.251408371108,-77.4501664435311,12,1,0,14,5,17,11,"FRSP_114_BL_20240827.JPG","FRSP_114_BR_20240827.JPG","FRSP_114_UL_20240827.JPG","FRSP_114_UR_20240827.JPG","114"
"FRSP-200","FRSP","3","Mesic- Flatwoods","Plot moved 20 meters north because too close to road","Fair amount of CWD, mixed canopy and sparse heath understory.  Changed orientation from 360 to 359 (2013).",2025,38.2558443160665,-77.4646566407449,12,1,0,17,5,19,10,"FRSP_200_BL_20250825.JPG","FRSP_200_BR_20250825.JPG","FRSP_200_UL_20250825.JPG","FRSP_200_UR_20250825.JPG","200"
"FRSP-221","FRSP","3","Mesic- Flatwoods","park on tour road (across rt 3 from vistors center) hike trail 70m to plot","Deposit of trash/glass items right outside of plot.
BR corner stake offset to 12.5 HD due to tree.
Oak and hickory with sparse understory",2025,38.3100906040786,-77.6523543210375,15,2,0,1,9,16,16,"FRSP_221_BL_20250902.JPG","FRSP_221_BR_20250902.JPG","FRSP_221_UL_20250902.JPG","FRSP_221_UR_20250902.JPG","221"
"PETE-103","PETE","2","Mesic- Moist Slopes and Coves","Drive to end of rd., then hike about 450m east, skirting wetland.","pine overstory, oak midstory, sparse vaccinium understory.",2024,37.1531778936706,-77.6113313858107,41,1,0,5,10,15,20,"PETE_103_BL_20240813.JPG","PETE_103_BR_20240813.JPG","PETE_103_UL_20240813.JPG","PETE_103_UR_20240813.JPG","103"
"FRSP-128","FRSP","2","Xeric- Other Xeric","Park at parking lot just before Rt. 3. follow trail through field and into woods to plot. Plot is at field edge","Oak heath",2024,38.3104232011682,-77.6380150092501,14,3,0,4,8,17,5,"FRSP_128_BL_20240820.JPG","FRSP_128_BR_20240820.JPG","FRSP_128_UL_20240820.JPG","FRSP_128_UR_20240820.JPG","128"
"PETE-191","PETE","3","Xeric- Dry Tops","Park on tour road at tour stop #2, and walk over/around earthworks to plot.","mixed hardwood with sparse understory with microstegium",2025,37.2372350139004,-77.3577756807777,23,0,0,3,1,15,21,"PETE_191_BL_20250819.JPG","PETE_191_BR_20250819.JPG","PETE_191_UL_20250819.JPG","PETE_191_UR_20250819.JPG","191"
"RICH-309","RICH","4","Mesic- Flatwoods","Appx. 30 meters from gated road off of highway 360. Or park in park unit parking lot and walk to plot 180m (down bluff and across dirt road)","Mixed hardwood canopy, mic vim ground cover. 2014 - changed orientation to 230 from 240 degrees.",2026,37.5860122239459,-77.3885331602182,17,1,0.1,3,8,26,19,"RICH_309_BL_20260813.JPG","RICH_309_BR_20260813.JPG","RICH_309_UL_20260813.JPG","RICH_309_UR_20260813.JPG","309"
"PETE-105","PETE","2","Mesic- Flatwoods","Park at beginning of horse trailer parking road, then walk in along road until perpendicular to plot and then bushwack through some smilax to plot. Or walk through field.","Oak/pine with sparse groundcover. 2021- changed orientation to 5 from 360.",2024,37.1416098673829,-77.6222126147834,42,5,0,15,11,14,12,"PETE_105_BL_20240813.JPG","PETE_105_BR_20240813.JPG","PETE_105_UL_20240813.JPG","PETE_105_UR_20240813.JPG","105"
"PETE-023","PETE","1","Mesic- Flatwoods","Park in cemetary parking lot off of Flank rd. 27000 Flank Rd, Petersburg VA 23803 should get you pretty close. Plot is in the woods across the street 50m away.","Gaylussacia groundcover, Pinus taeda and mixed hardwood canopy.",2023,37.1726042856269,-77.4403410254497,19,1,0,8,0,23,6,"PETE_023_BL_20230814.JPG","PETE_023_BR_20230814.JPG","PETE_023_UL_20230814.JPG","PETE_023_UR_20230814.JPG","023"
"RICH-303","RICH","4","Xeric- Dry Slopes","Park @ Nat. Res. Office.","Mixed hardwood with sparse understory and Liquidambar regeneration (mostly on right side of plot near field edge). Plot tagged away from field. Some debris from treefort in plot.",2026,37.4283519028697,-77.3779186816693,26,0,0,2,4,18,9,"RICH_303_BL_20260730.JPG","RICH_303_BR_20260730.JPG","RICH_303_UL_20260730.JPG","RICH_303_UR_20260730.JPG","303"
"FRSP-274","FRSP","4","Mesic- Moist Slopes and Coves","parked on Lee drive, followed trail until about 300m from plot, sw to plot","mixed hardwood with sparse understory",2026,38.2510033341241,-77.4673382228427,9,1,0.1,17,4,25,13,"FRSP_274_BL_20260817.JPG","FRSP_274_BR_20260817.JPG","FRSP_274_UL_20260817.JPG","FRSP_274_UR_20260817.JPG","274"
"FRSP-126","FRSP","2","Xeric- Dry Slopes","Park on side of Rte. 610 by field, and hike an easy 180 m to plot.","Quercus and Pinus overstory with Gaylussacia understory and Kalmia in the midstory. Several Pinus trees have fallen in plot, center is now below crown of a fallen Pinus.",2024,38.3060157169624,-77.6320692760457,13,4,0,4,3,17,5,"FRSP_126_BL_20240820.JPG","FRSP_126_BR_20240820.JPG","FRSP_126_UL_20240820.JPG","FRSP_126_UR_20240820.JPG","126"
"FRSP-281","FRSP","4","Mesic- Flatwoods","60m @ 220 degrees from road side or strongly recommend parking at the end of Slocum Dr and bushwhacking 500m to plot. Safer parking spot at the latter.","Aspect recorded as 180, but plot is flat so entered as 0; mixed hardwood with sparse understory",2026,38.3061130105815,-77.6293398872767,41,2,0,2,2,13,17,"FRSP_281_BL_20260825.JPG","FRSP_281_BR_20260825.JPG","FRSP_281_UL_20260825.JPG","FRSP_281_UR_20260825.JPG","281"
"PETE-196","PETE","3","Xeric- Dry Slopes","Park down the road from gated trail entrance at the tour stop about 430m from the plot. Walk down road and follow trail to plot. OR Drive down M trail until no longer passable. Walk 70m down trail, plot is 30m off trail to the right.","Stake angle estimated due to trees: BR, UL, UL regen. 2013 - changed orientation to 157 from 170. Loblolly pine plantation, mixed hardwood regenerating.",2025,37.1459348043368,-77.6279343877421,34,8,0,5,16,14,14,"PETE_196_BL_20250819.JPG","PETE_196_BR_20250819.JPG","PETE_196_UL_20250819.JPG","PETE_196_UR_20250819.JPG","196"
"FRSP-008","FRSP","1","Mesic- Flatwoods","400m walk from Lee drive.","Sparse understory, Quercus/carya canopy.",2023,38.2471032893668,-77.4414295780155,15,1,0,29,2,14,13,"FRSP_008_BL_20230829.JPG","FRSP_008_BR_20230829.JPG","FRSP_008_UL_20230829.JPG","FRSP_008_UR_20230829.JPG","008"
"FRSP-055","FRSP","1","Mesic- Rolling Uplands","If taking trail, park at exhibit shelter and walk across trail. Take right fork and then Culpepper Mine Rd. At next intersection, bear left and stay on wide (bridal) trail. Plot is 40m from trail. Or park in church parking lot, north of park.","Oak/hickory, sparse understory.",2023,38.325512878427,-77.7643879281224,11,1,0,1,6,20,13,"FRSP_055_BL_20230905.JPG","FRSP_055_BR_20230905.JPG","FRSP_055_UL_20230905.JPG","FRSP_055_UR_20230905.JPG","055"
"RICH-230","RICH","3","Mesic- Flatwoods","Park at main parking area; Follow trail to Melvern Hill Cliffs; Go down hill (moving SW); Plot is on edge of agricultural field.","mixed hardwood with viney understory",2025,37.4128636302267,-77.2559759669601,20,2,0.1,11,10,16,15,"RICH_230_BL_20250910.JPG","RICH_230_BR_20250910.JPG","RICH_230_UL_20250910.JPG","RICH_230_UR_20250910.JPG","230"
"FRSP-062","FRSP","1","Mesic- Flatwoods","Park on Brock Rd in pull out by large cannon. Walk along rd, plot is 30m from rd.","Shrubby plot, lots of Kalmia latifolia and Gaylussacia. Short canopy, mostly Quercus montana.",2023,38.3064063333333,-77.7094392698069,12,0,0,3,8,11,9,"FRSP_062_BL_20230831.JPG","FRSP_062_BR_20230831.JPG","FRSP_062_UL_20230831.JPG","FRSP_062_UR_20230831.JPG","062"
"FRSP-290","FRSP","4","Mesic- Flatwoods","Drive on access road to end, near chimney's ruins, walk ~ 430m NE to plot. Access rd now gated. ~1.3k hike to plot from parking area.","Tulip tree forest with beech and holly midstory, sparse understory",2026,38.2303696620975,-77.5893814834606,15,3,0,2,11,13,18,"FRSP_290_BL_20260820.JPG","FRSP_290_BR_20260820.JPG","FRSP_290_UL_20260820.JPG","FRSP_290_UR_20260820.JPG","290"
"PETE-024","PETE","1","Mesic- Rolling Uplands","Park at horse trailer parking lot near headquarters and walk 100m back along the road, then left into the woods about 40m.","Orientation changed from 360 to 3. Microstegium understory, pine overstory, liquidambar and sassafrass midstory. Fairly open, am plot",2023,37.221471698984,-77.3601019464217,23,0,0,2,3,23,13,"PETE_024_BL_20230814.JPG","PETE_024_BR_20230814.JPG","PETE_024_UL_20230814.JPG","PETE_024_UR_20230814.JPG","024"
"RICH-311","RICH","4","Mesic- Flatwoods","Appx. 180 meters at 90 degrees from road.","Mixed hardwood with sparse gaylussacia/vaccinium understory",2026,37.4330422930148,-77.3723263094485,27,2,0,2,1,14,12,"RICH_311_BL_20260909.JPG","RICH_311_BR_20260909.JPG","RICH_311_UL_20260909.JPG","RICH_311_UR_20260909.JPG","311"
"FRSP-074","FRSP","1","Mesic- Rolling Uplands","park next to gated entrace to hay field. 950m walk to plot, 400m from forest edge to plot.","Oak/hickory canopy, ilex subcanopy, sparse ground cover.",2023,38.2986823325867,-77.7547709107721,23,2,0,8,16,19,14,"FRSP_074_BL_20230919.JPG","FRSP_074_BR_20230919.JPG","FRSP_074_UL_20230919.JPG","FRSP_074_UR_20230919.JPG","074"
"FRSP-058","FRSP","1","Mesic- Moist Slopes and Coves","Park at Bloody Angle. Walk in either on trail across field or on forest road to the left of field. Both end up at the same place and have about a 100m bushwack to plot.","Mixed mostly hardwood canopy (Beech and Tulip Poplar). Sparse ground cover. Ground hornet nest near tree 1884.",2023,38.2280460973806,-77.5978888249759,14,1,0,0,20,6,16,"FRSP_058_BL_20230918.JPG","FRSP_058_BR_20230918.JPG","FRSP_058_UL_20230918.JPG","FRSP_058_UR_20230918.JPG","058"
"PETE-027","PETE","1","Mesic- Rolling Uplands","Park at trail head at beginning of tour road. But just bushwack to plot, easy hike, trail takes you out of the way.","Marker moved 2 ft south (this note is very vague and I'm not sure what is meant by it..JH2015)

2015: Orientation changed to 3 degrees.",2023,37.2396252631834,-77.3522367716627,19,2,0,2,4,14,10,"PETE_027_BL_20230814.JPG","PETE_027_BR_20230814.JPG","PETE_027_UL_20230814.JPG","PETE_027_UR_20230814.JPG","027"
"FRSP-272","FRSP","4","Mesic- Flatwoods","~150 m @ 320 degrees from trail off of Lee Drive","American Holly understory mixed hardwood canopy",2026,38.2579983904192,-77.4590499604758,19,0,0,3,9,12,29,"FRSP_272_BL_20260819.JPG","FRSP_272_BR_20260819.JPG","FRSP_272_UL_20260819.JPG","FRSP_272_UR_20260819.JPG","272"
"FRSP-013","FRSP","1","Mesic- Floodplains/Bottomlands","Park at the south end of Lee Dr. Walk down trail then cut into woods and across train tracks. Only 240m from the car.","Pinus virginiana/liq sty fairly open canopy. Some microstegium and cyperaceae groundcover. Liq sty regen.",2023,38.2472622703083,-77.4329111702919,13,8,0.1,79,19,25,12,"FRSP_013_BL_20230830.JPG","FRSP_013_BR_20230830.JPG","FRSP_013_UL_20230830.JPG","FRSP_013_UR_20230830.JPG","013"
"PETE-195","PETE","3","Mesic- Flatwoods","Plot center moved 20 m east due to a fire road; follow Winthrop trail near parking lot on white oak rd, plot is about 30 m off trail","loblolly pine; small depression with sphagnum moss; understory mostly smilax and vaccinium",2025,37.1418827942319,-77.6106726407752,43,8,0,3,11,23,15,"PETE_195_BL_20250820.JPG","PETE_195_BR_20250820.JPG","PETE_195_UL_20250820.JPG","PETE_195_UR_20250820.JPG","195"
"RICH-203","RICH","3","Xeric- Dry Slopes","Take trail; plot at 280 degrees from trail.","Mixed hardwood with sparse understory. 2013- changed orientation from 10 to 20 degrees",2025,37.5900702863979,-77.2925504601771,13,2,0,5,25,5,19,"RICH_203_BL_20250908.JPG","RICH_203_BR_20250908.JPG","RICH_203_UL_20250908.JPG","RICH_203_UR_20250908.JPG","203"
"FRSP-213","FRSP","3","Xeric- Dry Slopes","Park at end of South Lee Drive.  Hike in at 200 deg. About 100m.","Oak forest with moderate number of saplings.  Understory relatively thin, not many shrubs.
Changed plot orientation from 40 to 45 deg. To more accurately represent plot layout. (2013)",2025,38.2472395178954,-77.435744037611,12,1,0,42,10,15,19,"FRSP_213_BL_20250825.JPG","FRSP_213_BR_20250825.JPG","FRSP_213_UL_20250825.JPG","FRSP_213_UR_20250825.JPG","213"
"PETE-192","PETE","3","Xeric- Other Xeric","Note: Plot moved 20 meters south due to a fire road","mixed hardwood and loblolly; old dry well in plot; cut trees",2025,37.2281844462722,-77.3547325158899,17,0,0.1,22,5,22,19,"PETE_192_BL_20250818.JPG","PETE_192_BR_20250818.JPG","PETE_192_UL_20250818.JPG","PETE_192_UR_20250818.JPG","192"
"FRSP-232","FRSP","3","Mesic- Flatwoods","Follow trail for about 200 meters, then walk and additional 100 meters off-trail to plot","Pinus taeda canopy with mixed hardwood regen.",2025,38.2276996842847,-77.6094360627014,35,6,0,7,18,12,20,"FRSP_232_BL_20250826.JPG","FRSP_232_BR_20250826.JPG","FRSP_232_UL_20250826.JPG","FRSP_232_UR_20250826.JPG","232"
"FRSP-117","FRSP","2","Xeric- Dry Slopes","Park in lot at entrance to South Lee unit. Enter woods at trail head then bushwack to plot. Path to plot could be mucky in a wet year","Young mixed hardwood canopy replacing pine forest (now cwd). Dense subcanopy layer so plot is shaded even if the canopy is still somewhat open. Sparse groundcover.",2024,38.255462350945,-77.4703915801017,25,2,0,1,5,12,23,"FRSP_117_BL_20240827.JPG","FRSP_117_BR_20240827.JPG","FRSP_117_UL_20240827.JPG","FRSP_117_UR_20240827.JPG","117"
"PETE-271","PETE","4","Mesic- Flatwoods","~63 m @ 300 degrees from parking lot auto tour 1","Pinus taeda/ Que alb canopy, vacc understory. 2014 - changed orientation from 360 to 3 degrees",2026,37.1350088956766,-77.6163005166672,31,3,0,3,9,10,12,"PETE_271_BL_20260811.JPG","PETE_271_BR_20260811.JPG","PETE_271_UL_20260811.JPG","PETE_271_UR_20260811.JPG","271"
"PETE-021","PETE","1","Mesic- Floodplains/Bottomlands","Walk in 500 meters along trail off tour rd. Plot right up against park boundary.","Mircostegium ground cover. Paint facing away from trail. Mixed hardwood canopy. Lots of fresh cwd.",2023,37.2372317961006,-77.3606498178225,23,3,0,1,3,17,15,"PETE_021_BL_20230816.JPG","PETE_021_BR_20230816.JPG","PETE_021_UL_20230816.JPG","PETE_021_UR_20230816.JPG","021"
"RICH-314","RICH","4","Mesic- Flatwoods","Turn onto Western Run Rd north of the park, then take an immediate left onto small side street (Chesley Rd), park at deadend. Walk about 500m southwest through park to plot.","loblolly pine plantation with sparse understory",2026,37.4332188333175,-77.2452407179435,40,2,0,0,16,16,13,"RICH_314_BL_20260909.JPG","RICH_314_BR_20260909.JPG","RICH_314_UL_20260909.JPG","RICH_314_UR_20260909.JPG","314"
"FRSP-287","FRSP","4","Mesic- Flatwoods","park at picnick area (North of Stop number 4, in a wooded area, no sign if you are coming down the road from the North), walk along trail. Walk NE for 200m off trail to plot. Orientation changed to 358 from 360","oaky canopy, very sparse understory",2026,38.3146567008181,-77.7440312928793,13,2,0,0,1,6,21,"FRSP_287_BL_20260908.JPG","FRSP_287_BR_20260908.JPG","FRSP_287_UL_20260908.JPG","FRSP_287_UR_20260908.JPG","287"
"FRSP-151","FRSP","2","Mesic- Rolling Uplands","Just off trail through the wilderness. Park at Forest Trail rd (good pull out) and walk back along Orange Plank to get to trail head. Or bushwack from parking to trail. About 650m along trail to plot.","Oak heath. Social trail through plot.",2024,38.29941214471,-77.7231506910021,9,4,0,10,9,17,11,"FRSP_151_BL_20240821.JPG","FRSP_151_BR_20240821.JPG","FRSP_151_UL_20240821.JPG","FRSP_151_UR_20240821.JPG","151"
"FRSP-112","FRSP","2","Xeric- Dry Slopes","Walk trail from S. Lee drive.  Hike West about 150m.  Mine rd. is visible from plot and could be approached from that route as well.","Trash and what looks like earthworks in and surrounding the plot. Plot center is under a piece of CWD near Tree 13264",2024,38.2511088517478,-77.4644623256553,12,1,0.1,38,6,30,15,"FRSP_112_BL_20240829.JPG","FRSP_112_BR_20240829.JPG","FRSP_112_UL_20240829.JPG","FRSP_112_UR_20240829.JPG","112"
"RICH-154","RICH","2","Xeric- Other Xeric","Park on Battlefield Park road and hike 60m west to plot. Park address: 8621 Battlefield Rd, Henrico, VA 23231","Sparse heath understory.  Canopy gap near UL of plot. Plot is shaded by subcanopy and not too sunny.",2024,37.4329094271007,-77.3753507353417,17,0,0,51,19,22,11,"RICH_154_BL_20240903.JPG","RICH_154_BR_20240903.JPG","RICH_154_UL_20240903.JPG","RICH_154_UR_20240903.JPG","154"
"FRSP-291","FRSP","4","Mesic- Flatwoods","Parked on edge of park road, then hiked southwest for ~200m alond park boundary","mixed hardwood and pine with sparse understory",2026,38.2123702305024,-77.5888231033921,18,5,0,2,9,11,16,"FRSP_291_BL_20260818.JPG","FRSP_291_BR_20260818.JPG","FRSP_291_UL_20260818.JPG","FRSP_291_UR_20260818.JPG","291"
"FRSP-061","FRSP","1","Mesic- Moist Slopes and Coves","If taking the trail, park at the south end or at the Ewell picnic area. There is no trailhead on Rt 20. It is about a 2km walk from the south end of the trail to plot.","White oak canopy, with carpinus and ilex subcanopy. Vaccinium and lycopodium groundcover.",2023,38.3082549159422,-77.7322749778389,10,4,0,17,13,30,12,"FRSP_061_BL_20230905.JPG","FRSP_061_BR_20230905.JPG","FRSP_061_UL_20230905.JPG","FRSP_061_UR_20230905.JPG","061"
"RICH-015","RICH","1","Mesic- Rolling Uplands","Park on Carter Mill Rd by field. Walk in on rd through field then bushwack to plot.","Plot is on a slope, microstegium and ferns groundcover. Mixed hardwood canopy.",2023,37.4217086079693,-77.2590549739824,31,1,0,1,6,15,17,"RICH_015_BL_20230817.JPG","RICH_015_BR_20230817.JPG","RICH_015_UL_20230817.JPG","RICH_015_UR_20230817.JPG","015"
"FRSP-285","FRSP","4","Mesic- Flatwoods","Take trail behind exhibit shelter, then turn right onto bridle path. At hiking trail and bridle path interesection 550m from plot (just after plot 284), take social trails directly to plot, easy walking.  Blue trail markers whole way, always veer right at forks.","Acidic oak/ hickory, sparse understory. Old NPS park boundary pole in plot.",2026,38.3237152001612,-77.7500344695346,20,3,0,0,4,5,14,"FRSP_285_BL_20260908.JPG","FRSP_285_BR_20260908.JPG","FRSP_285_UL_20260908.JPG","FRSP_285_UR_20260908.JPG","285"
"FRSP-277","FRSP","4","Mesic- Flatwoods","park on lee drive, plot 100m from road","mixed hardwood with moderately sparse understory, patch of microstegium in BL corner of plot",2026,38.2516913759099,-77.4387493607727,24,1,0.2,10,6,23,23,"FRSP_277_BL_20260819.JPG","FRSP_277_BR_20260819.JPG","FRSP_277_UL_20260819.JPG","FRSP_277_UR_20260819.JPG","277"
"FRSP-049","FRSP","1","Mesic- Flatwoods","Park on Slocum Dr. at tour stop 7. 130m bushwack to plot.","Gaylussacia cover, oak canopy, fairly open, probably better as a morning plot.",2023,38.3034976234629,-77.6434697223295,14,1,0,8,4,8,11,"FRSP_049_BL_20230831.JPG","FRSP_049_BR_20230831.JPG","FRSP_049_UL_20230831.JPG","FRSP_049_UR_20230831.JPG","049"
"PETE-369","PETE","3","Xeric- Dry Slopes","Park on Seige Rd. Walk 75m to plot.","Mixed hardwood canopy. Many felled pines. All appear to be cut down at the same time.  This was incorrectly assigned to Panel 4, reassigned to Panel 3 (mjj)",2025,37.2327123795254,-77.3604186603476,23,1,0,5,2,23,17,"PETE_369_BL_20250821.JPG","PETE_369_BR_20250821.JPG","PETE_369_UL_20250821.JPG","PETE_369_UR_20250821.JPG","369"
"FRSP-202","FRSP","3","Mesic- Flatwoods","Park on Lee Dr. and walk 220m to plot.","Oak forest with sparse understory",2025,38.2537866259708,-77.4445785962934,8,1,0,62,3,24,12,"FRSP_202_BL_20250827.JPG","FRSP_202_BR_20250827.JPG","FRSP_202_UL_20250827.JPG","FRSP_202_UR_20250827.JPG","202"
"PETE-065","PETE","1","Mesic- Rolling Uplands","Park in White Oak Rd trail parking. Take Pine Hill trail immediately on the left. Walk 500m on trail, then cut in.","Vaccinium in understory, Lots of trees: Pinus taeda canopy with Quercus alba growing in.",2023,37.1436750297747,-77.6335184030247,41,4,0,0,6,9,10,"PETE_065_BL_20230816.JPG","PETE_065_BR_20230816.JPG","PETE_065_UL_20230816.JPG","PETE_065_UR_20230816.JPG","065"
"FRSP-106","FRSP","2","Mesic- Flatwoods","Park at First Pull-over on S. Lee Drive and hike about 500 m North on trail","Flat mixed hardwoods evidence of earthworks and vernal pools. Tags facing away from trail",2024,38.2579771771694,-77.4561923574298,13,1,0.1,85,7,28,17,"FRSP_106_BL_20240827.JPG","FRSP_106_BR_20240827.JPG","FRSP_106_UL_20240827.JPG","FRSP_106_UR_20240827.JPG","106"
"FRSP-286","FRSP","4","Mesic- Flatwoods","Park at Longstreet's fllank attack tour stop on Orange Plank Rd 60m from plot.","Vir. Pine and Oak canopy. Sparse vaccinium groundcover.",2026,38.2974270159535,-77.7147301998142,21,2,0,7,1,11,11,"FRSP_286_BL_20260824.JPG","FRSP_286_BR_20260824.JPG","FRSP_286_UL_20260824.JPG","FRSP_286_UR_20260824.JPG","286"
"PETE-111","PETE","2","Mesic- Floodplains/Bottomlands","Park at parking lot along Courthouse RD, walk south along Courthouse RD until you reach an old dirt road on the left. Follow old road to the plot.","Vernal pool in plot",2024,37.1461472629855,-77.6224143902869,19,1,0.1,8,11,17,26,"PETE_111_BL_20240905.JPG","PETE_111_BR_20240905.JPG","PETE_111_UL_20240905.JPG","PETE_111_UR_20240905.JPG","111"
"FRSP-208","FRSP","3","Mesic- Rolling Uplands","Park along Rt 20 (Constitution Hwy) 0.2 miles west of large open field. Spur trail may or may not be visible from car, but there is a trailhead marked by a brown post. Walk along southern road edge until you find it. Follow trail all the way until the boundary and turn right on small social trail (not marked) after crossing plank bridge. Plot is along trail .
OR Park near intersection in Lake Wilderness (Grant CT and Jackson's Ford Rd) Cut into plot from there about 160 m.","Beech and Oak canopy with Christmas fern and tree regen ground cover. Trail runs through the plot
All stakes near trail with only 2-3 inches above ground (2013 update: now they all have rebar)
NOTE: BC regen stake is flush with ground due to trail. We drove a metal stake in flush to help find stake in future. 2013 update: unable to locate BC regen stake (metal detector broken), so we replaced it where it should have been with rebar. Future observers may find two stakes if using detector.",2025,38.3125815801161,-77.7410712779549,10,2,0,36,0,25,12,"FRSP_208_BL_20250828.JPG","FRSP_208_BR_20250828.JPG","FRSP_208_UL_20250828.JPG","FRSP_208_UR_20250828.JPG","208"
"FRSP-312","FRSP","4","Mesic- Rolling Uplands","Park near earthworks at dead end","Plot moved 15m north. Oak heath, mountain laurel in understory.",2026,38.214332227115,-77.6088555380575,10,1,0,41,8,13,11,"FRSP_312_BL_20260818.JPG","FRSP_312_BR_20260818.JPG","FRSP_312_UL_20260818.JPG","FRSP_312_UR_20260818.JPG","312"
"PETE-104","PETE","2","Mesic- Flatwoods","Drive in along dirt road off of White Oak Rd (gate is normally locked) until approximately 60 m from plot.","Dense Pinus taeda with mixed hardwood coming in. Sparse ground cover. Orientation changed from 360 to 355.",2024,37.1486592227001,-77.6139565671894,44,5,0,7,26,12,15,"PETE_104_BL_20240813.JPG","PETE_104_BR_20240813.JPG","PETE_104_UL_20240813.JPG","PETE_104_UR_20240813.JPG","104"
"FRSP-060","FRSP","1","Mesic- Flatwoods","Park on tour rd, bushwack about 500m","sparse understory, virginia pine and tulip poplar canopy, lots of trees.",2023,38.2100486665136,-77.5915386531417,26,8,0,5,8,13,12,"FRSP_060_BL_20230918.JPG","FRSP_060_BR_20230918.JPG","FRSP_060_UL_20230918.JPG","FRSP_060_UR_20230918.JPG","060"
"PETE-172","PETE","3","Mesic- Flatwoods","Park at visitors center and walk in along forest edge.  Or, park at lot near intersection of Courthouse and White Oak roads.","Loblolly canopy with sweetgum midstory.  Decent regeneration of saplings, but not mutch groundcover.  Changed orientation to 4 from 360 in 2013.  Updated plot coordinates to more accuratly reflect plot position in the forest (2013).  2009 location had plot center in open field near road.",2025,37.1393779338904,-77.6220792429921,30,2,0.1,15,14,24,14,"PETE_172_BL_20250820.JPG","PETE_172_BR_20250820.JPG","PETE_172_UL_20250820.JPG","PETE_172_UR_20250820.JPG","172"
"FRSP-216","FRSP","3","Mesic- Other Mesic","Park at roadside sing: 'Upton Road'","Oak hickory canopy with sparse vaccinium ground cover. Dry stream bed runs through middle of plot. Appears to be fed by road runoff. MIC VIM starting to grow up around and in stream bed. In 2013 only a trace MIC VIM present. 2013 - changed orientation to 296 from 293",2025,38.2232277917607,-77.6063179628595,17,1,0,9,7,24,15,"FRSP_216_BL_20250826.JPG","FRSP_216_BR_20250826.JPG","FRSP_216_UL_20250826.JPG","FRSP_216_UR_20250826.JPG","216"
"RICH-304","RICH","4","Xeric- Other Xeric","Park on tour rd (not picnic rd) walk about 300m to plot.","Open plot, acidic oak, gaylussacia ground cover. 2014 - changed orientation to 356 from 360",2026,37.4352908497228,-77.3725442346163,17,2,0,42,9,22,7,"RICH_304_BL_20260910.JPG","RICH_304_BR_20260910.JPG","RICH_304_UL_20260910.JPG","RICH_304_UR_20260910.JPG","304"
"FRSP-014","FRSP","1","Mesic- Flatwoods","Park on south lee drive, easy 500m bushwack to plot.","Updated orientation from 360 to 8 degrees. Mixed harwood canopy, comparitively dense mid-story of seedlings and viburnum acerifolium in decent sized canopy gap. Still quite a pleasant plot if not too sunny.",2023,38.2489814931416,-77.4559122534221,9,2,0,38,7,20,9,"FRSP_014_BL_20230829.JPG","FRSP_014_BR_20230829.JPG","FRSP_014_UL_20230829.JPG","FRSP_014_UR_20230829.JPG","014"
"PETE-140","PETE","2","Mesic- Moist Slopes and Coves","Park at small parking lot oppositee field on Siege rd.  Walk about 100m East to plot.","Wid-open, sparse understory, tall hickory-oak canopy.",2024,37.2257782572508,-77.3687336462548,15,1,0.1,8,3,19,17,"PETE_140_BL_20240812.JPG","PETE_140_BR_20240812.JPG","PETE_140_UL_20240812.JPG","PETE_140_UR_20240812.JPG","140"
"FRSP-206","FRSP","3","Xeric- Dry Slopes","Park along tour road and hike in 170m.","Oak canopy with sparse understory .",2025,38.2514672561495,-77.4473460647686,6,0,0,10,11,20,12,"FRSP_206_BL_20250827.JPG","FRSP_206_BR_20250827.JPG","FRSP_206_UL_20250827.JPG","FRSP_206_UR_20250827.JPG","206"
"RICH-155","RICH","2","Xeric- Dry Slopes","Park in the Shelton House parking lot and walk east, turning south-ish after passing the house, then turn right and walk along the edge of an agricultural field to the forest edge.","Mixed hardwood with large bet nig Bare groundcover.",2024,37.6587203659412,-77.3511439193064,34,4,0,1,19,5,21,"RICH_155_BL_20240903.JPG","RICH_155_BR_20240903.JPG","RICH_155_UL_20240903.JPG","RICH_155_UR_20240903.JPG","155"
"FRSP-147","FRSP","2","Mesic- Rolling Uplands","250m from tour road.","Bare ground cover, Ilex/fagus subcanopy, oak canopy.",2024,38.312155083828,-77.7554181400386,15,2,0,0,9,10,19,"FRSP_147_BL_20240819.JPG","FRSP_147_BR_20240819.JPG","FRSP_147_UL_20240819.JPG","FRSP_147_UR_20240819.JPG","147"
"RICH-215","RICH","3","Mesic- Other Mesic","Follow mowed path/trail to plot from parking area (about 300m)","Slight slope with tulip poplar overstory.  Moderate regen and understory.",2025,37.6588749711586,-77.3483603595468,20,0,0.1,6,17,17,13,"RICH_215_BL_20250909.JPG","RICH_215_BR_20250909.JPG","RICH_215_UL_20250909.JPG","RICH_215_UR_20250909.JPG","215"
"RICH-306","RICH","4","Mesic- Moist Slopes and Coves","Park on Carter Mill Rd near field next to gate ( a little past plot if driving NW on Carter Mill Rd) . Then walk about 270m to plot.","Loblolly canopy, small stream with ferny, herbaceous banks in plot. Changed orientation to 3 8-27-2014
Deer trail running through plot 1-5% trampled.",2026,37.4216729152327,-77.2562064578458,22,3,0,4,18,12,17,"RICH_306_BL_20260730.JPG","RICH_306_BR_20260730.JPG","RICH_306_UL_20260730.JPG","RICH_306_UR_20260730.JPG","306"
"FRSP-318","FRSP","4","Mesic- Flatwoods","~233 m at 308 degrees from road side. Parking at the intersection. Orientation changed from 106 to 103. Reset BC micro, UL micro 8-19-14","Oak/Pine forest not too many trees; gaylussacia and vaccinium understory. Two large canopy oaks have died and the plot is quite open now. Recommend sampling in the AM or on a cloudy day. Northern Bobwhite heard off plot.",2026,38.218825220166,-77.6061607973916,11,4,0,2,6,12,9,"FRSP_318_BL_20260818.JPG","FRSP_318_BR_20260818.JPG","FRSP_318_UL_20260818.JPG","FRSP_318_UR_20260818.JPG","318"
"PETE-022","PETE","1","Mesic- Floodplains/Bottomlands","NO DIRECTIONS ENTERED YET","Orientation changed from 360 to 11.",2023,37.2166766602429,-77.3741056345352,23,1,0.2,4,2,18,8,"PETE_022_BL_20230816.JPG","PETE_022_BR_20230816.JPG","PETE_022_UL_20230816.JPG","PETE_022_UR_20230816.JPG","022"
"PETE-070","PETE","1","Mesic- Rolling Uplands","Park along Courthouse Rd. at turnout, then walk along the powerline approx 50 meters or so to the trailhead. Take Stewart trail.","Orientation changed from 360 to 7 degrees.",2023,37.1484535447988,-77.6167413943706,47,2,0,0,13,14,13,"PETE_070_BL_20230815.JPG","PETE_070_BR_20230815.JPG","PETE_070_UL_20230815.JPG","PETE_070_UR_20230815.JPG","070"
"PETE-299","PETE","4","Mesic- Flatwoods","Park on trail/dirt road, about 70m bushwhack.","Pin tae/ liq sty canopy, sparse ground cover (mostly vitis)",2026,37.2282380448264,-77.3574728381485,19,3,0.1,16,3,24,14,"PETE_299_BL_20260810.JPG","PETE_299_BR_20260810.JPG","PETE_299_UL_20260810.JPG","PETE_299_UR_20260810.JPG","299"
"RICH-073","RICH","1","Mesic- Floodplains/Bottomlands","Park on Turkey Hill Trail by gate. 300m bushwack.","Lots of sedges for ground cover, canopy made up off red maple, swamp chestnut oak, and sweet gum. Plot was dry when sampled in 2015 but it is very near to beaver wetland so likely to flood. Bees found on plot near plot center. 2019- dry year but plot still with standing water. Muck boots needed for access",2023,37.558887451039,-77.2745122511547,34,0,0,9,6,19,7,"RICH_073_BL_20230822.JPG","RICH_073_BR_20230822.JPG","RICH_073_UL_20230822.JPG","RICH_073_UR_20230822.JPG","073"
"PETE-188","PETE","3","Mesic- Flatwoods","Park on White Oak Rd at trail parking and take Winthrop trail across the road to plot.","Mixed hardwood forest with sparse vaccinium understory.",2025,37.1396264091611,-77.6136905593696,22,4,0,8,16,19,10,"PETE_188_BL_20250820.JPG","PETE_188_BR_20250820.JPG","PETE_188_UL_20250820.JPG","PETE_188_UR_20250820.JPG","188"
"RICH-317","RICH","4","Mesic- Flatwoods","Turn onto Western Run Rd north of the park, then take an immediate left onto small side street (Chesley Rd), park at deadend. Walk about 1km southwest through park to plot.","Mixed hardwood canopy, Ilex subcanopy, sparse understory. 2014- changed orientation to 352 from 360.",2026,37.4287327860352,-77.2451405682349,18,1,0,1,3,13,14,"RICH_317_BL_20260909.JPG","RICH_317_BR_20260909.JPG","RICH_317_UL_20260909.JPG","RICH_317_UR_20260909.JPG","317"
"PETE-189","PETE","3","Mesic- Flatwoods","Note: Plot moved 20 m east due to Plot center being on trail with occational motorized use

Directions: park on auto tour road, walk in perpendicular to plot about 175 m to plot","2013 - changed orientation to 92 from 97 degrees. Pinus virginiana and Liquidambar styricaflua canopy. Roughly half the plot covered in MIC VIM and other half sparse seedling coverage. 2021 - 80% mic vim coverage now",2025,37.2212779313894,-77.3711509176441,38,4,0,13,2,23,15,"PETE_189_BL_20250818.JPG","PETE_189_BR_20250818.JPG","PETE_189_UL_20250818.JPG","PETE_189_UR_20250818.JPG","189"
"FRSP-180","FRSP","3","Mesic- Rolling Uplands","Park at Burnside's Ninth Corps","UR micro is locatated 6.3m from center at 304degrees. Tulip poplar, Beech, Pine forest with Ilex/Beech understory.",2025,38.2147011200232,-77.5918065390959,22,2,0,0,16,12,19,"FRSP_180_BL_20250826.JPG","FRSP_180_BR_20250826.JPG","FRSP_180_UL_20250826.JPG","FRSP_180_UR_20250826.JPG","180"
"FRSP-075","FRSP","1","Mesic- Rolling Uplands","Park at Tour stop (4?) on McClaws Dr. Walk across field on trail. Plot is 80m in the woods on the otherside.","Sparse groundcover, Short oak and virginia pine canopy. Probably pretty open on a hot sunny day.",2023,38.3016778781059,-77.6262182583662,21,5,0,1,6,8,10,"FRSP_075_BL_20230830.JPG","FRSP_075_BR_20230830.JPG","FRSP_075_UL_20230830.JPG","FRSP_075_UR_20230830.JPG","075"
"FRSP-146","FRSP","2","Mesic- Rolling Uplands","Walked from trail head off of Rt. 3 about 1 km. 2016 - take lakeview parkway  have to go through main entrance), to Gold valley Rd, then on Mansion Dr. cul de sac. Access trail to Culpeper Rd trail. Can take trail directly to plot.","White oak canopy, with Kalmia latifolia in understory. Just off trail.",2024,38.3256803288962,-77.755747499687,11,0,0,0,4,12,10,"FRSP_146_BL_20240819.JPG","FRSP_146_BR_20240819.JPG","FRSP_146_UL_20240819.JPG","FRSP_146_UR_20240819.JPG","146"
"PETE-296","PETE","4","Mesic- Flatwoods","Park on one-way rd. Take trail to plot; located 20 m from center of trail.","moderately open plot, mixed hardwood regen, pinus canopy. 2014 - changed orientation to 357 from 360. UR micro @ 6m, didn't move.",2026,37.2373961405262,-77.3519420374377,19,2,0,3,1,23,15,"PETE_296_BL_20260812.JPG","PETE_296_BR_20260812.JPG","PETE_296_UL_20260812.JPG","PETE_296_UR_20260812.JPG","296"
"RICH-072","RICH","1","Mesic- Rolling Uplands","Park at Parsonage church, walk along trail","Liriodendron tulipifera canopy, microstegium understory",2023,37.4151950623147,-77.2447588083668,39,5,0.1,4,9,18,13,"RICH_072_BL_20230824.JPG","RICH_072_BR_20230824.JPG","RICH_072_UL_20230824.JPG","RICH_072_UR_20230824.JPG","072"
"RICH-409","RICH","3","Xeric- Dry Slopes","Parked at the intersection of Anderson-Wright Dr and General Smith Dr. Walked to trail pre pond and took trail until about 95 away from plot.","Oak overstory with Ilex opaca and Fagus understory and Gaylussacia ground cover.",2025,37.5946950523478,-77.2840963705968,19,2,0,8,6,14,11,"RICH_409_BL_20250908.JPG","RICH_409_BR_20250908.JPG","RICH_409_UL_20250908.JPG","RICH_409_UR_20250908.JPG","409"
"RICH-410","RICH","4","Mesic- Other Mesic","Coordinate with RICH to see if they can leave gate into park unlocked. Before reaching 'North Anna Battlefield Park' sign take the leftmost gravel road until you reach the gate. Drive the field edge until parallel from plot. ~130m bushwhack to plot.","Lycopodium ground cover. Ilex opaca, Carpinus, and paw paw midstory. Mixed hardwood and pine overstory. Small ravine runs through plot.",2026,37.9151183413786,-77.5376446101059,0,0,0,0,0,0,0,"RICH_410_BL_20260914.JPG","RICH_410_BR_20260914.JPG","RICH_410_UL_20260914.JPG","RICH_410_UR_20260914.JPG","410"
"RICH-411","RICH","4","Mesic- Other Mesic","Coordinate with RICH to see if they can leave gate into park unlocked. Before reaching 'North Anna Battlefield Park' sign take the leftmost gravel road until you reach the gate. Drive the field edge until parallel from plot. ~300m bushwhack to plot.","Mixed hardwood canopy with dense Fagus grandifolia and Ilex opaca regeneration in midstory. Forest floor cover Mitchella repens and Polystichum acrostichoides. Some large pieces of CWD in the upper half of plot.",2026,37.9129126193154,-77.5400596230213,0,0,0,0,0,0,0,"RICH_411_BL_20260914.JPG","RICH_411_BR_20260914.JPG","RICH_411_UL_20260914.JPG","RICH_411_UR_20260914.JPG","411"
"RICH-412","RICH","4","Mesic- Flatwoods","Coordinate with RICH to see if they can leave gate into park unlocked. Before reaching 'North Anna Battlefield Park' sign take the leftmost gravel road until you reach the gate. Drive straight before passing through a a second gate (no locks are on this one!). Turn right and follow treeline, passing through one more non-locking gate. Enter forest down a dirt road and park at the third gate. Be sure to close all gates behind you as to not let the cows out! ~350m bushwhack through dense, hilly, forest and across a small creek to plot.","Mosaic early successional LIR TUL surrounded by even aged PIN TAE. Dense mid-story thick with tree reneration, Smilax, Vitis, and some Aralia spinosa!",2026,37.9115827427491,-77.5252397219279,0,0,0,0,0,0,0,"RICH_412_BL_20260915.JPG","RICH_412_BR_20260915.JPG","RICH_412_UL_20260915.JPG","RICH_412_UR_20260915.JPG","412"
"RICH-414","RICH","4","Mesic- Flatwoods","Coordinate with RICH to see if they can leave gate into park unlocked. Before reaching 'North Anna Battlefield Park' sign take the leftmost gravel road until you reach the gate. Drive straight before passing through a a second gate (no locks are on this one!). Turn right and follow treeline, passing through one more non-locking gate. Enter forest down a dirt road and pass through yet another gate. Be sure to close all gates behind you to not let the cows escape! Plot is just off of farm road on the other side of a fence that we shimmied underneath. OR park on Noel Rd at the edge of the treeline and bushwhack ~300m.","Barbed wire fence runs through bottom left of plot. BL corner is on the other side of fence marked only with rebar. Sparse Vaccinium and Vitis understory, Ilex opaca and Fagus grandifolia midstory, Quercus, Carya, and LIQSTY canopy.",2026,37.9098116520612,-77.5305018107912,0,0,0,0,0,0,0,"RICH_414_BL_20260915.JPG","RICH_414_BR_20260915.JPG","RICH_414_UL_20260915.JPG","RICH_414_UR_20260915.JPG","414"
"RICH-413","RICH","4","Mesic- Moist Slopes and Coves","Coordinate with RICH to see if they can leave gate into park unlocked. Before reaching 'North Anna Battlefield Park' sign take the leftmost gravel road until you reach the gate. Drive the field edge until parallel from plot. Bushwhack ~130m carefully crossing a steep ravine.","Steep slope with mixed hardwood canopy. Fagus grandifola and pawpaw regeneration in the mid-layer. Some rich forest herbs in the understory including Sanguinaria canadensis, and 3 species of orchid!",2026,37.9186376917317,-77.533227153832,0,0,0,0,0,0,0,"RICH_413_BL_20260916.JPG","RICH_413_BR_20260916.JPG","RICH_413_UL_20260916.JPG","RICH_413_UR_20260916.JPG","413"
"RICH-415","RICH","4","Mesic- Other Mesic","Take the trail through the soybean field all the way to the woodline. Plot is in the woods just past Plot 215.","Dense Ilex opaca midstory with LIRTUL, LIQSTY and Betula nigra canopy. Invasive shrubs, vines, and grasses abound.",2026,37.6586142326394,-77.3487828751225,0,0,0,0,0,0,0,"RICH_415_BL_20260916.JPG","RICH_415_BR_20260916.JPG","RICH_415_UL_20260916.JPG","RICH_415_UR_20260916.JPG","415"
"RICH-416","RICH","4","Mesic- Other Mesic","Park on the one way where trail intersects with road and take trail east. Trail takes you all the way to plot.","Quercus canopy with Ilex and Sassafrass midstory, sparse Gaylussacia understory. Tree paint facing away from trail; plot center is located under an Ilex and about 1m away fom large CWD.",2026,37.5881181113428,-77.2868056646387,0,0,0,0,0,0,0,"RICH_416_BL_20260917.JPG","RICH_416_BR_20260917.JPG","RICH_416_UL_20260917.JPG","RICH_416_UR_20260917.JPG","416"
"RICH-417","RICH","4","Mesic- Other Mesic","Park at monument after extended loop trail meets the one way. Plot is just off of road.","Small swamp/seepage with Clethra alnifolia, Eubotrys racemosa, Vaccinium corymbosum and Magnolia virginiana. Some Smilax in the mid-story. SPHAGNUM!  Rubber boots are recommended.",2026,37.5903686726637,-77.2832053147895,0,0,0,0,0,0,0,"RICH_417_BL_20260917.JPG","RICH_417_BR_20260917.JPG","RICH_417_UL_20260917.JPG","RICH_417_UR_20260917.JPG","417"
"GETT-030","GETT","1","Mesic- Flatwoods","Park on Sedgwick Rd, hike in on mowed trail and then bushwack to park boundary, can follow stone wall part of the way. Good pull out at monument at trail.","Jun vir, transitioned into Oak and red maple. Mic vim and ber thu understory. Corners and UC marked with white fiberglass stakes",2024,39.8011799231,-77.232629673907,17,6,50.8,26,3,21,15,"GETT_030_BL_20240723.JPG","GETT_030_BR_20240723.JPG","GETT_030_UL_20240723.JPG","GETT_030_UR_20240723.JPG","030"
"GETT-033","GETT","1","Mesic- Rolling Uplands","Park at 3rd Wisconson Regiment monunemen (around backside of one-way circle off Colgrove Ave.","Next cycle must check the ulmus species in microplots. In 2011 they were listed as U. americana, and in 2015 as U. rubra. 2019 - confirmed U. rubra.",2024,39.8125253995771,-77.2155444931251,19,1,0.2,70,36,28,11,"GETT_033_BL_20240723.JPG","GETT_033_BR_20240723.JPG","GETT_033_UL_20240723.JPG","GETT_033_UR_20240723.JPG","033"
"APCO-268","APCO","4","Mesic- Flatwoods","~ 190m @ 001 degrees along side the main road. Parked at the Grant monument area, then crossed road. Cut in at about 150m at an old road that took us pretty close to plot.","Acer negundo, Liriodendron and Juglans canopy, with grassy understory dominated by microstegum",2023,37.3749360771619,-78.8157273963954,18,1,3,43,0,21,11,"APCO_268_BL_20230801.JPG","APCO_268_BR_20230801.JPG","APCO_268_UL_20230801.JPG","APCO_268_UR_20230801.JPG","268"
"VAFO-080","VAFO","2","Mesic- Flatwoods","Park at Pawlings Farm off Walnut Rd and walk to plot (approximately 470m from Commissary Trail Parking)","Plot orientation changed from 360 to 343.",2025,40.1121862175879,-75.4593170561488,22,2,2.3,14,0,26,14,"VAFO_080_BL_20250724.JPG","VAFO_080_BR_20250724.JPG","VAFO_080_UL_20250724.JPG","VAFO_080_UR_20250724.JPG","080"
"BOWA-005","BOWA","1","Mesic- Floodplains/Bottomlands","Drive down road/trail and park at the intersection of the cutoff trail.  Plot is down the bank toward Jack-O-Lantern creed about 50m.","Floodplain forest of ash and tulip poplar.  Moderate regen and shrub cover.  Plot center is buried partially, make sure your metal detector is working!. Crazy snake worm found on plot",2024,37.1076594256346,-79.7300633375922,16,2,0,62,12,30,10,"BOWA_005_BL_20240731.JPG","BOWA_005_BR_20240731.JPG","BOWA_005_UL_20240731.JPG","BOWA_005_UR_20240731.JPG","005"
"APCO-184","APCO","3","Mesic- Flatwoods","Park on Route 710 and then 50m off the road.","Changed plot orientation from 360 to 2 in 2013.",2026,37.3870105561599,-78.7909022733642,35,10,1.6,9,5,32,13,"APCO_184_BL_20260727.JPG","APCO_184_BR_20260727.JPG","APCO_184_UL_20260727.JPG","APCO_184_UR_20260727.JPG","184"
"APCO-108","APCO","2","Mesic- Flatwoods","Park at lot for North Carolina monument, walk to monument itself, <50m off trail from monument itself.","Liriodendron and Quercus canopy, few saplings, understory dominateed by tree seedlings, Smilax and Symphiocarpus. Numerous evidece of human presence (barbed wire,trash and old planks)",2025,37.3730323844272,-78.806850489309,15,0,0,92,3,26,13,"APCO_108_BL_08062025.JPG","APCO_108_BR_08062025.JPG","APCO_108_UL_08062025.JPG","APCO_108_UR_08062025.JPG","108"
"GETT-090","GETT","2","Xeric- Dry Slopes","Just off of Hunt Ave.","Open plot with White mulberry, shrubs and mic vim",2025,39.8143891527948,-77.2301717606879,16,6,62,16,1,25,12,"GETT_090_BL_20250730.JPG","GETT_090_BR_20250730.JPG","GETT_090_UL_20250730.JPG","GETT_090_UR_20250730.JPG","090"
"HOFU-247","HOFU","4","Mesic- Moist Slopes and Coves","From 345 take road/path toward harrision lloyd house. (east 500m from gate) Walk edge of field then into woods 75m.","Berberis, Berberis; Ouch, Ouch.  Plot sparse in canopy cover, but succeeding to forest.  Tulip poplar forest edge. 2014 - reset plot center because center stake was out of the ground. All trees and stakes were within tolerance.",2023,40.1983277908086,-75.7655382681948,3,0,91.2,1,7,21,6,"HOFU_247_BL_20230719.JPG","HOFU_247_BR_20230719.JPG","HOFU_247_UL_20230719.JPG","HOFU_247_UR_20230719.JPG","247"
"VAFO-159","VAFO","3","Mesic- Rolling Uplands","Park at VC, walk county line rd to gravel road. Plot 50 m from trail/road.","Very open, microstegium ground cover. Vines and some thorny shrubs. Sample in the morning.",2026,40.1031270707323,-75.4299829447728,5,1,22.6,4,0,17,7,"VAFO_159_BL_20260714.JPG","VAFO_159_BR_20260714.JPG","VAFO_159_UL_20260714.JPG","VAFO_159_UR_20260714.JPG","159"
"GETT-175","GETT","3","Mesic- Rolling Uplands","Park at intersection of wheatfield road and the tour road. Hike up trail towards Little Round Top. Plot is on the right hand side, 30m off trail.","Tulip Poplar and Oak Canopy, with fair amount of regen in the understory. Health cut between 2009 and 2013, probably in 2012. All down wood has been bucked. BR corner is on a large rock so no stake or rebar. Marked with a green X. UC has rebar. Some dead rosa multiflora on plot, it might have been treated at some point.",2026,39.7897231269638,-77.2353069903848,10,1,3.1,54,30,26,14,"GETT_175_BL_20260720.JPG","GETT_175_BR_20260720.JPG","GETT_175_UL_20260720.JPG","GETT_175_UR_20260720.JPG","175"
"APCO-179","APCO","3","Mesic- Flatwoods","Park on access road/trail. Plot is about 40 m from road. Road begins on Rt. 24 in large grass field, follow into woods.","Relatively short oak capopy with dense sapling regeneration and smilax in mid and understory.",2026,37.3707302950208,-78.8042074961386,21,2,0,10,11,17,21,"APCO_179_BL_20260728.JPG","APCO_179_BR_20260728.JPG","APCO_179_UL_20260728.JPG","APCO_179_UR_20260728.JPG","179"
"APCO-012","APCO","1","Mesic- Flatwoods","park in first pull off and hike across field, then bushwack about 300m to plot.","Plot From Hell (2011) - perfectly lovely plot in later visits. Dense regen with very low cornus florida subcanoy with a few codom lir tuls. Sparse ground cover, some smilax.",2024,37.3682380259448,-78.8126923177312,23,5,0,4,21,18,22,"APCO_012_BL_20240729.JPG","APCO_012_BR_20240729.JPG","APCO_012_UL_20240729.JPG","APCO_012_UR_20240729.JPG","012"
"GETT-028","GETT","1","Mesic- Rolling Uplands","Park on Slocum near field that is north of plot not Geary Avenue.  Then hike along field edge southeast to plot that is just 10m into the forest.","White Oak forest with high regen (Cercis) and lonicera japonica groundcover.",2024,39.8147821216562,-77.2186075838206,6,0,2.2,90,7,26,12,"GETT_028_BL_20240723.JPG","GETT_028_BR_20240723.JPG","GETT_028_UL_20240723.JPG","GETT_028_UR_20240723.JPG","028"
"APCO-264","APCO","4","Mesic- Moist Slopes and Coves","Parked on APCO history trail.  Hike west about 175m to plot.","Tulip poplar canopy; Rock piles around Tulip Poplar tree bases near plot.",2023,37.3803010270023,-78.7877676848299,16,1,0.2,89,19,34,12,"APCO_264_BL_20230731.JPG","APCO_264_BR_20230731.JPG","APCO_264_UL_20230731.JPG","APCO_264_UR_20230731.JPG","264"
"VAFO-041","VAFO","1","Mesic- Rolling Uplands","park on Inner line drive and take trail to plot","LIR TUL canopy, as of 2024 lots of RUBPHO in understory. Used to be MICVIM. Plot between two roads.",2024,40.0918049702705,-75.4505344254242,10,1,82,7,0,17,13,"VAFO_041_BL_20240718.JPG","VAFO_041_BR_20240718.JPG","VAFO_041_UL_20240718.JPG","VAFO_041_UR_20240718.JPG","041"
"BOWA-095","BOWA","2","Xeric- Dry Slopes","Drive through field then bushwack 100m.","Club moss in understory.",2025,37.1120980509955,-79.7304281455537,21,6,0,15,10,22,17,"BOWA_095_BL_20250805.JPG","BOWA_095_BR_20250805.JPG","BOWA_095_UL_20250805.JPG","BOWA_095_UR_20250805.JPG","095"
"GETT-253","GETT","4","Xeric- Dry Slopes","Parked @ Devil's Den, hiked SE for about 200m along social trail; after crossing the bridge, social trail is in the middle of the three trail options and the one not located on the map. It goes directly to plot.. Parking at Big Round top is better. 150m on trail.","Social trail runs through plot.  Many boulders on site. 2014 - Plot center, UC not located: reset. BL off by 20 degrees, reset. UL stake marked with paint, no rebar. UR micro marked by paint mark on boulder, no rebar. Plot center rebar disguised by rocks and leaf litter, in between two large boulders. No tree tags found from 2010 visit, most likely removed by visitors. 2014 tagged at base of tree, hopefully tags will be less obvious. 2023 recruits trees and saplings tagged at bottom",2023,39.7896902044421,-77.2412148652387,10,2,9.5,13,19,21,13,"GETT_253_BL_20230726.JPG","GETT_253_BR_20230726.JPG","GETT_253_UL_20230726.JPG","GETT_253_UR_20230726.JPG","253"
"APCO-183","APCO","3","Mesic- Floodplains/Bottomlands","Moved plot north due to barb wire fence along pasture.

2022: Drive to the end of Joel Sweeney road, bushwack 170 m to plot.","Mixed hardwood canopy with permanent stream through plot. Lots of L. benzoin and M. vimineum.",2026,37.3891428606498,-78.7936068513352,8,0,1.6,8,10,30,7,"APCO_183_BL_20260727.JPG","APCO_183_BR_20260727.JPG","APCO_183_UL_20260727.JPG","APCO_183_UR_20260727.JPG","183"
"VAFO-244","VAFO","4","Xeric- Dry Slopes","Take Mt. misery trail from parking lot about 200m.  Head west along slope to plot, about 150m.","BL stake to left of rock wall.  Steep rocky  slope with little understory.",2023,40.0872841679963,-75.4591965611951,18,0,0.3,13,2,12,24,"VAFO_244_BL_20230718.JPG","VAFO_244_BR_20230718.JPG","VAFO_244_UL_20230718.JPG","VAFO_244_UR_20230718.JPG","244"
"VAFO-162","VAFO","3","Xeric- Dry Slopes","Take Valley Creek trail, then climb upslope about 100m to plot.","Moderate slope with rocky scree substrate. RUB PHO and MIC VIM coming in. Some stinging nettle.",2026,40.0941311042241,-75.4592895013538,15,0,40.7,7,0,21,13,"VAFO_162_BL_20260716.JPG","VAFO_162_BR_20260716.JPG","VAFO_162_UL_20260716.JPG","VAFO_162_UR_20260716.JPG","162"
"HOFU-249","HOFU","4","Mesic- Flatwoods","Took Linape Trail from Parking Lot. Continue around bend in trail and start bushwack at 130m from plot.","Tulip \Poplar \canopy. Stiltgrass \understory with rubus and berberis coming in.",2023,40.2140931275015,-75.7656921452174,15,0,9.1,7,0,21,13,"HOFU_249_BL_20230719.JPG","HOFU_249_BR_20230719.JPG","HOFU_249_UL_20230719.JPG","HOFU_249_UR_20230719.JPG","249"
"APCO-100","APCO","2","Mesic- Flatwoods","Park at Joel Sweeny birthplace gate and take mowed trail to plot. Bottom corner of plot is solidly in trail.","Dense brushy regen w jugnig, acrub. Next to field. Trash on plot. 2022: BR stake reset - in the middle of a frequently used trail that gets mowed so the stake will likely not stay in place. Stake offset with rebar at same azmuth but 11 m for distance.",2025,37.3870924637022,-78.7880537123949,10,2,0,1,4,17,8,"APCO_100_BL_20250806.JPG","APCO_100_BR_20250806.JPG","APCO_100_UL_20250806.JPG","APCO_100_UR_20250806.JPG","100"
"VAFO-038","VAFO","1","Xeric- Dry Slopes","Park on pull out on Valley Park Rd. Plot is on steep slope on other side.","Steep scree slope. Sparse undstory mostly sassafras seedlings. Beech/Sassafras canopy",2024,40.0918453983069,-75.4563179757768,25,4,0.1,17,2,20,20,"VAFO_038_BL_20240716.JPG","VAFO_038_BR_20240716.JPG","VAFO_038_UL_20240716.JPG","VAFO_038_UR_20240716.JPG","038"
"HOFU-050","HOFU","1","Mesic- Rolling Uplands","Take trail from North of parkntil 240m from plot, then bushwack.","Tulip tree overstory with wineberry understory.",2024,40.2141129883689,-75.7626839228779,6,2,31,5,5,25,9,"HOFU_050_BL_20240717.JPG","HOFU_050_BR_20240717.JPG","HOFU_050_UL_20240717.JPG","HOFU_050_UR_20240717.JPG","050"
"VAFO-157","VAFO","3","Mesic- Rolling Uplands","Park at parking lot next to cannons. Cross road and walk up slope for about 50m.","Tulip poplar and beech canopy with little understory.",2026,40.0941115537393,-75.4505027105364,9,1,5.4,26,1,19,15,"VAFO_157_BL_20260713.JPG","VAFO_157_BR_20260713.JPG","VAFO_157_UL_20260713.JPG","VAFO_157_UR_20260713.JPG","157"
"GETT-035","GETT","1","Mesic- Moist Slopes and Coves","Park on tour road just east of Plum creek.  Take trail about 100m, plot is just south of trail about 30m.","Oak/Hickory forest with a few olive and rosa shrubs.  Some canopy gaps providing light for abundance of groundcover.  Fiberglass stake set at BL because rebar not found. (2015). Site of old health cut. 2024:abundant rosa multi w/ other invasives is taking over the understory. Tough plot.",2024,39.7848281117269,-77.2438711676762,15,3,38.7,114,7,35,15,"GETT_035_BL_20240724.JPG","GETT_035_BR_20240724.JPG","GETT_035_UL_20240724.JPG","GETT_035_UR_20240724.JPG","035"
"VAFO-039","VAFO","1","Mesic- Flatwoods","2018 VAFO REGEN:  park by the Kennedy-Supplee restaurant and walk towards the bridge over the river. As you approach the river, there will be a gate in the chain link fence. Enter there, and walk the trail or on the edge of the forest where it meets the train tracks to the plot. It is a long walk.","Microstegium cover 100%. Ash canopy is now dead, very open plot with some acer negundos.2018 VAFO REGEN: This plot was also pretty wet and near a large wetland complex. Wellies needed in a wet year.",2024,40.1076838133815,-75.4329684832382,6,8,5.1,0,0,14,11,"VAFO_039_BL_20240718.JPG","VAFO_039_BR_20240718.JPG","VAFO_039_UL_20240718.JPG","VAFO_039_UR_20240718.JPG","039"
"VAFO-040","VAFO","1","Mesic- Rolling Uplands","Park in parking lot by bike path. Plot is just off the bike path. Plot center is 1m to the left of tree #12099, flush to ground.","Rubus pho and All pet ground cover, Mixed hardwood and white pine canopy. UR rebar in social trail.",2024,40.1100489887783,-75.4244059753129,17,0,24.1,23,8,26,6,"VAFO_040_BL_20240716.JPG","VAFO_040_BR_20240716.JPG","VAFO_040_UL_20240716.JPG","VAFO_040_UR_20240716.JPG","040"
"BOWA-182","BOWA","3","Mesic- Rolling Uplands","Walk fenceline behind headquarters to plot.","Changed orientation from 296 to 298 in 2013.",2026,37.1141332522484,-79.7361567577361,14,0,0.1,5,3,27,12,"BOWA_182_BL_20260729.JPG","BOWA_182_BR_20260729.JPG","BOWA_182_UL_20260729.JPG","BOWA_182_UR_20260729.JPG","182"
"GETT-252","GETT","4","Mesic- Flatwoods","Park on Granite School House Rd.  Walk about 100m to plot. Large metal and concrete fence in plot.","Hickory and walnut canopy with spicebush understory.",2023,39.8055484348507,-77.2270476133277,9,4,0.1,5,0,17,13,"GETT_252_BL_20230725.JPG","GETT_252_BR_20230725.JPG","GETT_252_UL_20230725.JPG","GETT_252_UR_20230725.JPG","252"
"GETT-256","GETT","4","Xeric- Dry Tops","Park on West Confederate road, before Big Round Top.  Take horse trail in about 200m, then turn south for about 300m to plot.","Tulip poplar / hickory overstory with dense spicebush and barberry understory.  Small stream running through plot - boots not necessary.. Reset BL, couldn’t find. UL reset, was 1m off. 2014",2023,39.7804189925318,-77.2496477069559,11,5,48,16,2,25,8,"GETT_256_BL_20230726.JPG","GETT_256_BR_20230726.JPG","GETT_256_UL_20230726.JPG","GETT_256_UR_20230726.JPG","256"
"APCO-004","APCO","1","Mesic- Rolling Uplands","Park on Rt. 701/ Anderson Mill Road near the powerlines.  Hike about 200m southwest to plot along trail/ service road","White oak forest with moderate sapling regen and little understory.  Some oak seedlings.",2024,37.3896312896019,-78.7797452913936,21,2,0,19,10,12,11,"APCO_004_BL_20240729.JPG","APCO_004_BR_20240729.JPG","APCO_004_UL_20240729.JPG","APCO_004_UR_20240729.JPG","004"
"HOFU-166","HOFU","3","Hydric- Swamps/Bogs","Park at road and walk-in to plot about 50 m from fence. Wet walk through a wetland complex.","2018 VAFO REGEN: In wet years, be prepared for water and mud that could top wellies in some places. There is quite a bit of standing water on this plot this year, including a stream, which might be temporary. The canopy seems to be thinning here with little/no regeneration- may become disqualified as forest in the near future.",2026,40.205059268982,-75.7625824429868,15,2,3.8,0,1,19,10,"HOFU_166_BL_20260715.JPG","HOFU_166_BR_20260715.JPG","HOFU_166_UL_20260715.JPG","HOFU_166_UR_20260715.JPG","166"
"VAFO-240","VAFO","4","Xeric- Dry Slopes","Park at Lord Sterling's hq and bushwack across field and into forest. Follow stream north, crossing a trail that heads east. Keep hiking up on the right side of the stream until you see a trail up slope. Take trail to 50 m plot.","Oak and mixed harwood canopy. Sparse understory.",2023,40.0872696856891,-75.4650849292778,18,1,0,3,3,9,11,"VAFO_240_BL_20230720.JPG","VAFO_240_BR_20230720.JPG","VAFO_240_UL_20230720.JPG","VAFO_240_UR_20230720.JPG","240"
"GETT-254","GETT","4","Mesic- Flatwoods","Park on Border of park on Ridgewood Rd.; hike about 60m to plot at bearing of ~195 degrees. Or to avoid questionable parking in resedential neighborhood, park at the Eternal Flame and walk across field.","Oak canopy with patches of vac. Stam. And dead rosa in understory",2023,39.8502268098904,-77.2460117494004,15,5,6.8,33,4,20,16,"GETT_254_BL_20230726.JPG","GETT_254_BR_20230726.JPG","GETT_254_UL_20230726.JPG","GETT_254_UR_20230726.JPG","254"
"GETT-029","GETT","1","Mesic- Flatwoods","Park on Granite Schoolhouse road, then walk about 100m north to plot.","Tulip poplar / maple forest with Lindera mid-story, and some Berberis and Microstegeum groundcover.",2024,39.8057079972533,-77.2243662531992,7,3,11.4,4,0,20,10,"GETT_029_BL_20240725.JPG","GETT_029_BR_20240725.JPG","GETT_029_UL_20240725.JPG","GETT_029_UR_20240725.JPG","029"
"HOFU-084","HOFU","2","Xeric- Dry Slopes","Park on Hopewell Rd in pull out behind NPS sign. Bushwack 250m to plot. Going is a bit dense until you cross the powerline cut, then opens up.Plot center partially under a fallen log","Hardwood canopy, with dense ground cover of ferns, rubus, and vaccinium.",2025,40.2072863200367,-75.7568261231782,13,1,2.7,21,14,32,15,"HOFU_084_BL_20250723.JPG","HOFU_084_BR_20250723.JPG","HOFU_084_UL_20250723.JPG","HOFU_084_UR_20250723.JPG","084"
"HOFU-083","HOFU","2","Mesic- Flatwoods","Just off dirt road behind maintenance.","Tulip poplar stand near road behind maintenance. Large debris pile covering UC and UR since 2016 visit. Looks like it was bulldozed into the plot.",2025,40.2096319586921,-75.7713529078648,10,1,22.1,47,2,29,15,"HOFU_083_BL_20250723.JPG","HOFU_083_BR_20250723.JPG","HOFU_083_UL_20250723.JPG","HOFU_083_UR_20250723.JPG","083"
"GETT-169","GETT","3","Mesic- Rolling Uplands","Park in public parking area perpendicular to plot","Thick spicebush with recent canopy gap for most of plot (2013).",2026,39.7918316883397,-77.2352818457647,7,1,9.8,2,1,21,6,"GETT_169_BL_20260722.JPG","GETT_169_BR_20260722.JPG","GETT_169_UL_20260722.JPG","GETT_169_UR_20260722.JPG","169"
"APCO-263","APCO","4","Mesic- Moist Slopes and Coves","Drove on trail, parked at fork near wooden gate.  Walked east about 170 m to plot","Plot within about 50m from boundary.",2023,37.3804826525248,-78.7820705390044,16,3,0,20,26,37,7,"APCO_263_BL_20230731.JPG","APCO_263_BR_20230731.JPG","APCO_263_UL_20230731.JPG","APCO_263_UR_20230731.JPG","263"
"APCO-177","APCO","3","Mesic- Other Mesic","Park by govnment housing.","Fairly open understory with lots of White Snakeroot (Herbs) and stiltgrass. Plot center located in pit near large Juglans.",2026,37.3820994461786,-78.8020463222828,11,1,0,21,1,21,11,"APCO_177_BL_20260727.JPG","APCO_177_BR_20260727.JPG","APCO_177_UL_20260727.JPG","APCO_177_UR_20260727.JPG","177"
"VAFO-036","VAFO","1","Mesic- Rolling Uplands","Park at the trailhead on Owens road just past the Patriotic Order Sons of America. Take the river trail from the north about 250m, then plot is located on scree slope about 30m west. Hike to plot is not steep, but plot itself is steep.","Tulip poplar and beech overstory with some shrubby understory.",2024,40.096253533169,-75.4625182156579,8,2,2.1,31,0,24,13,"VAFO_036_BL_20240716.JPG","VAFO_036_BR_20240716.JPG","VAFO_036_UL_20240716.JPG","VAFO_036_UR_20240716.JPG","036"
"BOWA-006","BOWA","1","Mesic- Flatwoods","NO DIRECTIONS ENTERED YET","Plot dense with regen.",2024,37.1098638351903,-79.7330652218193,27,15,5.9,27,14,35,13,"BOWA_006_BL_20240731.JPG","BOWA_006_BR_20240731.JPG","BOWA_006_UL_20240731.JPG","BOWA_006_UR_20240731.JPG","006"
"GETT-174","GETT","3","Mesic- Moist Slopes and Coves","Park on S. confederate near bridge over plum creek. 380 m to plot. Take trail until 180 m to plot.","2022: plot is now very open and full of very large Rosa multiflora. Full crew recommended. Not good for a hot day or a rainy one - rocks slippery.",2026,39.7827475882428,-77.2410478859865,2,3,93.5,6,1,19,13,"GETT_174_BL_20260721.JPG","GETT_174_BR_20260721.JPG","GETT_174_UL_20260721.JPG","GETT_174_UR_20260721.JPG","174"
"HOFU-248","HOFU","4","Xeric- Dry Slopes","Take Leuape trail head into plot ~130m from trail","Tulip poplar overstory with stiltgrass/wineberry understory; 25-50% rubus in understory  Not much regen.",2023,40.2164614963611,-75.7685745752689,11,2,42.9,4,0,19,4,"HOFU_248_BL_20230719.JPG","HOFU_248_BR_20230719.JPG","HOFU_248_UL_20230719.JPG","HOFU_248_UR_20230719.JPG","248"
"VAFO-160","VAFO","3","Mesic- Floodplains/Bottomlands","2018 VAFO REGEN: Park by the Kennedy-Supplee restaurant and walk towards the bridge over the river. As you approach the river, there will be a gate in the chain link fence. Enter there, and walk the trail or on the edge of the forest where it meets the train tracks to the plot. It is a long walk.","Changed orientation from 360 deg. To 322 deg. 2018 VAFO REGEN: Wellies needed in a wet year.",2026,40.1076856448937,-75.4300585805351,16,21,9.1,15,2,20,13,"VAFO_160_BL_20260714.JPG","VAFO_160_BR_20260714.JPG","VAFO_160_UL_20260714.JPG","VAFO_160_UR_20260714.JPG","160"
"GETT-034","GETT","1","Mesic- Flatwoods","Park on Confederate ave just pass the bridge and small creek at Spanglers road.  Walk dirt/horse path about 100m south, then head west to plot about 50m.","White oak and hickory forest with moderate regeneration.  About a third of the plot is open, close to wire fence. BRING NEW CENTER CAP NEXT VISIT.",2024,39.8094632536886,-77.2533746927557,4,1,1.1,71,41,22,7,"GETT_034_BL_20240724.JPG","GETT_034_BR_20240724.JPG","GETT_034_UL_20240724.JPG","GETT_034_UR_20240724.JPG","034"
"GETT-257","GETT","4","Mesic- Other Mesic","Park on Country Club Lane, plot is 15m from road. Parked in grassy pull off by plot.","Hickory overstory, microstegium understory right next to road.",2023,39.8364567646181,-77.2601583045067,18,1,1.2,7,7,14,10,"GETT_257_BL_20230727.JPG","GETT_257_BR_20230727.JPG","GETT_257_UL_20230727.JPG","GETT_257_UR_20230727.JPG","257"
"HOFU-164","HOFU","3","Mesic- Rolling Uplands","Park alongside highway 342.","Mixed hardwood with vaccinium and rubus undserstory",2026,40.2118489082373,-75.7685459676019,11,1,1.1,25,28,29,8,"HOFU_164_BL_20260715.JPG","HOFU_164_BR_20260715.JPG","HOFU_164_UL_20260715.JPG","HOFU_164_UR_20260715.JPG","164"
"APCO-176","APCO","3","Mesic- Rolling Uplands","Park at trail head on Rt. 627. Plot 400 m up trail and 50 m in.","Mixed hardwood canopy with high seedling cover in understory.",2026,37.3712076976744,-78.790169033215,15,0,0.1,51,8,29,10,"APCO_176_BL_20260728.JPG","APCO_176_BR_20260728.JPG","APCO_176_UL_20260728.JPG","APCO_176_UR_20260728.JPG","176"
"VAFO-242","VAFO","4","Xeric- Dry Slopes","park in parking lot off of wilson road.Take trail 900m. At fork take right  100m.","All trees tagged away from trail, toward BR. 2014 - changed orientation to 215 from 222.",2023,40.091806919866,-75.4592152241597,20,0,0,31,2,12,13,"VAFO_242_BL_20230718.JPG","VAFO_242_BR_20230718.JPG","VAFO_242_UL_20230718.JPG","VAFO_242_UR_20230718.JPG","242"
"GETT-259","GETT","4","Mesic- Flatwoods","Parked on park road south of large observation tower. Walked 100 m to plot.","Oak canopy, some regen.",2023,39.7960384066999,-77.256241409372,11,1,2.2,15,9,20,6,"GETT_259_BL_20230724.JPG","GETT_259_BR_20230724.JPG","GETT_259_UL_20230724.JPG","GETT_259_UR_20230724.JPG","259"
"GETT-092","GETT","2","Mesic- Flatwoods","Park at amphitheater loop, walk in on trail.","Oak hickory canopy, microstegium, ribes, and seedlings make up most of ground cover.",2025,39.8094826996004,-77.259320996025,18,2,1.2,25,16,23,9,"GETT_092_BL_20250728.JPG","GETT_092_BR_20250728.JPG","GETT_092_UL_20250728.JPG","GETT_092_UR_20250728.JPG","092"
"GETT-093","GETT","2","Mesic- Flatwoods","Park at eternal peace flame monument-plot just off of road","Oak hickory canopy, with microstegium and rosa in understory.  Lots of rosa, tox, ribes and lonicera in plot.",2025,39.8501429712431,-77.2489427014553,20,2,52.2,15,7,22,8,"GETT_093_BL_20250730.jpeg","GETT_093_BR_20250730.jpeg","GETT_093_UL_20250730.jpeg","GETT_093_UR_20250730.jpeg","093"
"GETT-170","GETT","3","Mesic- Rolling Uplands","take Wheatfield road to Ayres Ave, follow most of the way around to pull off before reaching Wheatfield road, hike along road and then in about 60m",NA,2026,39.7984573775961,-77.244396014133,13,1,4.6,56,7,24,15,"GETT_170_BL_20260722.JPG","GETT_170_BR_20260722.JPG","GETT_170_UL_20260722.JPG","GETT_170_UR_20260722.JPG","170"
"BOWA-094","BOWA","2","Xeric- Dry Slopes","Road from elementary school behind tobacco barn","club moss dominates understory; Nys syl possibly confused with oxydendrun arboreum - corrected in 2016. Orientation was recorded as 303 in 2008",2025,37.1166808653368,-79.7307905813181,26,2,0.1,10,3,28,16,"BOWA_094_BL_20250805.JPG","BOWA_094_BR_20250805.JPG","BOWA_094_UL_20250805.JPG","BOWA_094_UR_20250805.JPG","094"
"VAFO-077","VAFO","2","Xeric- Dry Slopes","Park in suburbia at head of horseshoe trail","changed orientation from 305 to 290.",2025,40.0895813725999,-75.4592589196198,21,2,0,30,3,9,10,"VAFO_077_BL_20250721.JPG","VAFO_077_BR_20250721.JPG","VAFO_077_UL_20250721.JPG","VAFO_077_UR_20250721.JPG","077"
"VAFO-079","VAFO","2","Mesic- Flatwoods","Park at the MARA baseball and softball fields. About 400 m from parking lot. Walk to back of park and across bridge to residential area, then into woods.","Lots of invasive shrubs and herbaceous ground cover. Open canopy.",2025,40.1189168959214,-75.4358679681181,9,4,51.3,9,0,29,9,"VAFO_079_BL_20250722.JPG","VAFO_079_BR_20250722.JPG","VAFO_079_UL_20250722.JPG","VAFO_079_UR_20250722.JPG","079"
"VAFO-082","VAFO","2","Xeric- Dry Slopes","Take River trail down about 1km, plot about 20m NE from trail. Trail is drivable, not advisable in a wet year when muddy. No key needed.","Decent slope on rocky embankment (levy?) with trail at top and trail close to bottom.",2025,40.1054416019815,-75.4651969232141,18,0,0.2,7,1,15,15,"VAFO_082_BL_20250724.JPG","VAFO_082_BR_20250724.JPG","VAFO_082_UL_20250724.JPG","VAFO_082_UR_20250724.JPG","082"
"APCO-071","APCO","1","Xeric- Dry Slopes","Good pull off at River Ridge Rd for parking. Walk 600m down trail, plot ~50m from trail.",NA,2024,37.3781375616939,-78.7848499321262,16,0,0,24,23,21,11,"APCO_071_BL_20240730.JPG","APCO_071_BR_20240730.JPG","APCO_071_UL_20240730.JPG","APCO_071_UR_20240730.JPG","071"
"APCO-265","APCO","4","Mesic- Flatwoods","290m @ 155 degrees from NC memorial Parking Lot","Short Ace rub, Lir tul, Pin vir canopy. Smilax thicket",2023,37.3730221134244,-78.8043552142937,31,1,0.1,12,10,28,11,"APCO_265_BL_20230801.JPG","APCO_265_BR_20230801.JPG","APCO_265_UL_20230801.JPG","APCO_265_UR_20230801.JPG","265"
"GETT-167","GETT","3","Xeric- Dry Slopes","Park along Visitor Center road.","Plot has several boulders, looks to be old quarry site.  Plot orientation changed from 254 to 252 in 2013.",2026,39.8100316202246,-77.227215705282,16,0,3.2,3,1,26,13,"GETT_167_BL_20260721.JPG","GETT_167_BR_20260721.JPG","GETT_167_UL_20260721.JPG","GETT_167_UR_20260721.JPG","167"
"APCO-102","APCO","2","Mesic- Flatwoods","Park in field off Gordan road. About 500m to plot, easier to walk through forest than field.","Mixed hardwood canopy, microstegium, ferns, and herb undrstory. Humulus (hops) on plot, herbaceous vine, record as herb.Perennial stream runs through plot.",2025,37.3795465133297,-78.8130865381844,14,4,0.1,60,11,31,10,"APCO_102_BL_20250806.JPG","APCO_102_BR_20250806.JPG","APCO_102_UL_20250806.JPG","APCO_102_UR_20250806.JPG","102"
"HOFU-163","HOFU","3","Mesic- Rolling Uplands","From visitor's center take dirt road to Administration office. Take left at 1st intersection. Go toward small stream with wooden bridge and cross bridge. Go through unlatched gate. Take right at first intersection after gate. Follow road until it dead ends in parking lot for residence. (2022 recommendation) from visitor's center, take 345 heading South and turn right onto gravel road. You should pass some historical homes and eventually each a small parking lot. 50m walk from around hopewell furnace boarding house.","Center Tag?",2026,40.2028375218326,-75.7742603403298,17,1,2.7,18,0,23,18,"HOFU_163_BL_20260715.JPG","HOFU_163_BR_20260715.JPG","HOFU_163_UL_20260715.JPG","HOFU_163_UR_20260715.JPG","163"
"GETT-356","GETT","2","Xeric- Other Xeric","Take hiking trail to the south from Confederate rd.  Bushwack about 100m.","Near health cut, southern half of plot in sapling regen age.",2025,39.7826072185316,-77.2496956455245,12,0,0.1,50,28,29,12,"GETT_356_BL_20250730.jpeg","GETT_356_BR_20250730.jpeg","GETT_356_UL_20250730.jpeg","GETT_356_UR_20250730.jpeg","356"
"VAFO-037","VAFO","1","Mesic- Flatwoods","Park at either Anthony Wayne statue (horse) and walk 300m through field to forested area, or park along 252 at trail head and take trail into forest to plot.","Center Tag #1149",2024,40.0851269887962,-75.4416579754527,4,0,53.7,18,0,28,11,"VAFO_037_BL_20240716.JPG","VAFO_037_BR_20240716.JPG","VAFO_037_UL_20240716.JPG","VAFO_037_UR_20240716.JPG","037"
"GETT-255","GETT","4","Mesic- Flatwoods","Park at Pennsylvania monument.","Swamp white oak overstory (some health cut) with rubus, lon jap,  rosa, shrubs and tall seedling, becoming sapling understory. Bee sting. Deer trail 1-5%.",2023,39.8054524232509,-77.2329781734676,5,1,11,47,35,31,9,"GETT_255_BL_20230725.JPG","GETT_255_BR_20230725.JPG","GETT_255_UL_20230725.JPG","GETT_255_UR_20230725.JPG","255"
"GETT-171","GETT","3","Mesic- Rolling Uplands","Directions:
Park at Waypoint P171 (it's a large turn-out across the street from 2151 Penna Cavalry (handwriting not clear)  Memorial;  
 Follow field edge until you reach a bridge; Follow trail until about 40 meters to plot","mixed hardwood canopy with thick barberry and lindera understory. Difficult to shoot angles due to thick understory.",2026,39.8080097805669,-77.22130999325,12,1,11.5,3,4,30,10,"GETT_171_BL_20260721.JPG","GETT_171_BR_20260721.JPG","GETT_171_UL_20260721.JPG","GETT_171_UR_20260721.JPG","171"
"VAFO-156","VAFO","3","Mesic- Rolling Uplands","Park at the park gate in the residential neighborhood. Follow dirt trail that is parallel to bike trail until you reach a social bike trail on the right. Social trail takes you almost entire way to plot.","cap for plot center was  missing but rebar is still in ground, added another piece of bent rebar with flagging. Found cap scattered on plot and put back into center. High microstegium, hard to locate stakes.",2026,40.1145060469597,-75.430019397162,12,5,13.6,1,2,17,20,"VAFO_156_BL_20260716.JPG","VAFO_156_BR_20260716.JPG","VAFO_156_UL_20260716.JPG","VAFO_156_UR_20260716.JPG","156"
"APCO-262","APCO","4","Mesic- Moist Slopes and Coves","Park on Gordan road and walk across field to the forest; about 300m easy walking from Gordan rd.","Two drainages at 5ft deep run to the right and left of plot center. Mostly leaf litter on ground with pine overstory and deciduous understory.",2023,37.3819767702499,-78.8075724428289,34,7,0.1,13,4,20,13,"APCO_262_BL_20230803.JPG","APCO_262_BR_20230803.JPG","APCO_262_UL_20230803.JPG","APCO_262_UR_20230803.JPG","262"
"APCO-099","APCO","2","Mesic- Other Mesic","Park near employee housing and bushwack north about 350m","plot has small creek bed running through bottom.  Not very shrubby. Changed orientation from 270 to 280.",2025,37.38439817013,-78.8020808387712,5,1,0,49,6,29,16,"APCO_099_BL_20250804.JPG","APCO_099_BR_20250804.JPG","APCO_099_UL_20250804.JPG","APCO_099_UR_20250804.JPG","099"
"HOFU-165","HOFU","3","Mesic- Rolling Uplands","Hike in from Rt. 345.  Parking spot across from Green lane, 380 m to plot. No where safe to park closer to plot.","Vines and shrubs abound, spicebush, wineberry and bittersweet, oh my! Also, quite a lot of barberry now (2022).",2026,40.1959903060411,-75.774276443021,5,0,46.2,7,2,27,12,"HOFU_165_BL_20260715.JPG","HOFU_165_BR_20260715.JPG","HOFU_165_UL_20260715.JPG","HOFU_165_UR_20260715.JPG","165"
"VAFO-081","VAFO","2","Xeric- Dry Slopes","Park at head of Horseshoe trail in suburbia and walk in. plot is an easy 200m bushwalk down slope of trail.","slopey plot with tall lir tul canopy and not much in understory.",2025,40.0942457100941,-75.4621878803651,13,0,10.4,22,0,26,15,"VAFO_081_BL_20250722.JPG","VAFO_081_BR_20250722.JPG","VAFO_081_UL_20250722.JPG","VAFO_081_UR_20250722.JPG","081"
"VAFO-161","VAFO","3","Xeric- Dry Slopes","Hike up Horseshoe trail and cut in at 263 degrees and 50m."," Mountain laurel understory with mixed oak canopy. 2013- changed orientation from 180 to 177.",2026,40.0940808590653,-75.4651078289154,21,7,0,4,2,5,8,"VAFO_161_BL_20260714.JPG","VAFO_161_BR_20260714.JPG","VAFO_161_UL_20260714.JPG","VAFO_161_UR_20260714.JPG","161"
"GETT-031","GETT","1","Mesic- Flatwoods","Park on West Confederate Ave just north of Emmitsburg Rd in parking spaces next to Arkansas monument, walk in on hiking trail then cut in 20m to plot.","Oak hickory canopy, large canopy gap due to huge df Q. alba. Oak seedlings, rosa multi, lon jap, and mile-a-minute responding. UL micro in tip-up mound.",2024,39.7936557576839,-77.2560000238311,12,1,2.1,40,19,21,17,"GETT_031_BL_20240723.JPG","GETT_031_BR_20240723.JPG","GETT_031_UL_20240723.JPG","GETT_031_UR_20240723.JPG","031"
"VAFO-246","VAFO","4","Mesic- Moist Slopes and Coves","Drive to Betzwood Parking lot, continue along parking lot until you see bikre trail ramp on right.  Enter bike trail carefully using a spotter and make a left.  Drive slowly along bike trail, past plot and park off the bike path near clearing.about 300 meters past plot. Or hike from the east bike parking lot about 1.2km.","Plot moved 20M N due to paved bike trail. Orientation changed from 55 to 50 7/24/14. BR is under log, reset bottom micro. Steep slope on part plot, slippery",2023,40.1124168498572,-75.4417171076171,15,1,2.2,1,2,25,9,"VAFO_246_BL_20230720.JPG","VAFO_246_BR_20230720.JPG","VAFO_246_UL_20230720.JPG","VAFO_246_UR_20230720.JPG","246"
"APCO-009","APCO","1","Mesic- Rolling Uplands","Take Gordon drive from main park road and follow around curve. Park by driveway 896 (dirt road) and walk in approx 300m. Once you get through initial shrubs into the forest, easy walking through open understory","Pinus taeda and Liriodendron tulipifera overstory, Quercus rubra, Acer rubrum, Carya midstory. Low ground cover and open understory",2024,37.3844723944126,-78.7992890776351,27,5,0,2,9,24,17,"APCO_009_BL_20240729.JPG","APCO_009_BR_20240729.JPG","APCO_009_UL_20240729.JPG","APCO_009_UR_20240729.JPG","009"
"GETT-087","GETT","2","Mesic- Flatwoods","Park at RM office (85m from plot).","changed orientation from 360 to 350.  Right next to road and trail.  Very wet plot.  Lots of shrubs and very difficult to find rebar as well as stakes. Dry in 2022 but a very dry year in general.",2025,39.8078025838556,-77.2297602474986,16,3,20.7,10,9,27,5,"GETT_087_BL_20250729.JPG","GETT_087_BR_20250729.JPG","GETT_087_UL_20250729.JPG","GETT_087_UR_20250729.JPG","087"
"GETT-089","GETT","2","Xeric- Dry Slopes","Access from East Confederate Ave.","Oak-mixed hardwood slope with dense understory. Possible health cut, big bucked log down in plot.",2025,39.8193558099232,-77.2159274841662,11,6,2.3,29,47,27,15,"GETT_089_BL_20250731.JPG","GETT_089_BR_20250731.JPG","GETT_089_UL_20250731.JPG","GETT_089_UR_20250731.JPG","089"
"GETT-032","GETT","1","Mesic- Moist Slopes and Coves","Park on Confederate ave in parking spaces. Hike in on trail, plot just off trail.","In a health cut, very dense with very tall rubus allegheniensis. Tough plot, best to have more than 2 crew members. 2019 - not the worst plot, rubus covers less than half the plot. Could be improving. 2024 - Subcanopy Cercis has grown in densely, plot is now decently shaded but canopy gap still not closed. Plot has improved, doable with a 2 person crew.",2024,39.7826522717286,-77.2469064198051,7,1,6.2,22,16,27,15,"GETT_032_BL_20240724.JPG","GETT_032_BR_20240724.JPG","GETT_032_UL_20240724.JPG","GETT_032_UR_20240724.JPG","032"
"VAFO-243","VAFO","4","Xeric- Dry Slopes","Parked on side of one-way road (West Line). Walked ~100 meters over ridge to plot.","Betula lenta canopy, open subcanopy. Mostly mic vim ground cover.",2023,40.1008477138409,-75.4535858123578,9,1,0.2,14,0,15,15,"VAFO_243_BL_20230720.JPG","VAFO_243_BR_20230720.JPG","VAFO_243_UL_20230720.JPG","VAFO_243_UR_20230720.JPG","243"
"APCO-010","APCO","1","Mesic- Moist Slopes and Coves","Good pull out off of River Ridge Rd, walk about 170m down trail. Walk south along Union cavalry trail and cut in at about 30m from plot.","Very dense regen, sparse ground cover. Center cap very loose on rebar.",2024,37.3734615925034,-78.7902158062493,20,3,0,44,28,30,14,"APCO_010_BL_20240730.JPG","APCO_010_BR_20240730.JPG","APCO_010_UL_20240730.JPG","APCO_010_UR_20240730.JPG","010"
"APCO-011","APCO","1","Xeric- Other Xeric","Drive down park road and take left fork at field. Drive down to the maintenance area and park in the shade. Should be about 300m from the plot.","Quercus phellos/ Pinus taeda canopy, mixed hardwood subcanopy. Some seedlings and sedge groundcover.",2024,37.3795946092947,-78.8103296025025,21,2,0.1,8,13,26,19,"APCO_011_BL_20240729.JPG","APCO_011_BR_20240729.JPG","APCO_011_UL_20240729.JPG","APCO_011_UR_20240729.JPG","011"
"GETT-097","GETT","2","Mesic- Flatwoods","Near Indiana monument.","Very open plot, with small temp stream. Rosa and vib pru make parts of plot dense.2016 -Had to reset plot center using trees (again). Placed a fiberglass stack and rebar at the base of 3139 and a rebar 5m meters away at 74 degrees. If you strap out a tape between the two new stakes, plot center should be at 2.25m from tree 3139 and 3.75m from the other stake on the other side of the stream. Plot center is marked by a thin rebar (no center cap) and a white stake but we anticipate it being washed out again as it is in a temporary stream bed. BR is just sticking out from under a log. 2022: plot center is now marked by two center stakes and a thin piece of rebar. Hopefully at least one will remain.",2025,39.8339352541886,-77.2540927804557,7,2,34.8,24,29,32,7,"GETT_097_BL_20250731.JPG","GETT_097_BR_20250731.JPG","GETT_097_UL_20250731.JPG","GETT_097_UR_20250731.JPG","097"
"APCO-187","APCO","3","Mesic- Flatwoods","Park in field, walk in approximately 250 meters.

*Note: Some stumps around plot.","Virginia Pine and mixed hardwood canopy with sparse understory.",2026,37.3773381962736,-78.810146790845,20,6,0,14,4,23,14,"APCO_187_BL_20260727.JPG","APCO_187_BR_20260727.JPG","APCO_187_UL_20260727.JPG","APCO_187_UR_20260727.JPG","187"
"HOFU-251","HOFU","4","Mesic- Other Mesic","Park in trailhead parking lot off of Hopewell rd; follow Lenape trail until roughly 160m away.","Rocky forest floor with lots of moss and mixed hardwoods. Loose rocks on plot, try not to do in rain. Good amount of ToxRad. 2014- evidence of fire: charred logs and burn scars on some trees.",2023,40.2118694422582,-75.7627175282489,10,1,0.2,4,6,19,9,"HOFU_251_BL_20230720.JPG","HOFU_251_BR_20230720.JPG","HOFU_251_UL_20230720.JPG","HOFU_251_UR_20230720.JPG","251"
"APCO-098","APCO","2","Mesic- Floodplains/Bottomlands","Park at first parking lot on the right as you enter the park. Walk across field and then 300m through forest with pathchy dense smilax to plot.","Young mixed hardwood forest in a smilax thicket. Smilax is quite dense in parts of the plot.",2025,37.3683294897408,-78.8098442038064,31,0,0.1,4,6,19,21,"APCO_098_BL_20250807.JPG","APCO_098_BR_20250807.JPG","APCO_098_UL_20250807.JPG","APCO_098_UR_20250807.JPG","098"
"GETT-091","GETT","2","Xeric- Dry Slopes"," Park at the intersection of Sykes and wheatfield.","Dense saplings w/ oaks make up canopy. Park at the intersection of Sykes and wheatfield.",2025,39.7941617314668,-77.2354507315029,9,0,0.3,34,12,28,15,"GETT_091_BL_20250729.JPG","GETT_091_BR_20250729.JPG","GETT_091_UL_20250729.JPG","GETT_091_UR_20250729.JPG","091"
"VAFO-076","VAFO","2","Xeric- Dry Slopes","Park at General Sterling's house. Walk the left side of the field and find social trail. Cross stream and follow social trail until you are 40 m from plot.","Changed orientation from 345 to 350. Quercus canopy with a sparse understory.",2025,40.0850144951475,-75.4680137174577,14,2,0,9,2,14,13,"VAFO_076_BL_20250724.JPG","VAFO_076_BR_20250724.JPG","VAFO_076_UL_20250724.JPG","VAFO_076_UR_20250724.JPG","076"
"GETT-258","GETT","4","Mesic- Moist Slopes and Coves","Take Slocum Ave, park 50m from plot at 2nd Maryland momument.","Mixed hardwood canopy, dense fraxinus sapling regen.",2023,39.8171236548563,-77.2186478616131,7,0,2.2,35,16,24,17,"GETT_258_BL_20230725.JPG","GETT_258_BR_20230725.JPG","GETT_258_UL_20230725.JPG","GETT_258_UR_20230725.JPG","258"
"BOWA-261","BOWA","4","Mesic- Moist Slopes and Coves","Park on trail.  Hike approximately 70 m at 50. Plot on slope.  Plot upslope from Jack-o-Lantern trail and brook","Lir tul/loblolly successional with lots of nyssa sylvatica. 2014 - changed orientation from 280 to 272",2023,37.1098685817336,-79.7301389896773,31,4,0,26,14,25,14,"BOWA_261_BL_20230802.JPG","BOWA_261_BR_20230802.JPG","BOWA_261_UL_20230802.JPG","BOWA_261_UR_20230802.JPG","261"
"HOFU-053","HOFU","1","Mesic- Floodplains/Bottomlands","Park on road just south of creek bridge, then bushwack east about 300m.  Cross small creek.  No wellies needed.","Microstegeum groundcover with some barberry; seems to be becoming more barberry and rosa than microstegium over time (2024).  Red maple floodplain.",2024,40.2051119500886,-75.7655205800892,6,0,17.8,8,0,27,10,"HOFU_053_BL_20240722.JPG","HOFU_053_BR_20240722.JPG","HOFU_053_UL_20240722.JPG","HOFU_053_UR_20240722.JPG","053"
"APCO-267","APCO","4","Mesic- Moist Slopes and Coves","Park at General Grant headquaters parking lot. Walked 450m on road side and bushwacked for 70m. Possibility of parking at cemetery with shorter roadside walk.","Short Que phellos and beech canopy, sparse understory. Old road bed runs through plot. UTM E value corrected, mjj.",2023,37.3750007930674,-78.8128911000313,40,2,0.1,8,15,26,9,"APCO_267_BL_20230801.JPG","APCO_267_BR_20230801.JPG","APCO_267_UL_20230801.JPG","APCO_267_UR_20230801.JPG","267"
"VAFO-241","VAFO","4","Xeric- Dry Slopes","park at trail crossing inner line road. Trail gets within 60m of plot","Mixed harwood canopy with Rhododendron maximum in understory. MicVim and RubPho taking up much of the plot (RubPho 1/4)",2023,40.0917761049839,-75.4533144316768,13,2,51.9,15,2,23,12,"VAFO_241_BL_20230717.JPG","VAFO_241_BR_20230717.JPG","VAFO_241_UL_20230717.JPG","VAFO_241_UR_20230717.JPG","241"
"HOFU-052","HOFU","1","Mesic- Rolling Uplands","Park on Green Ln and hike in about 250 m","Red oak canopy with Nyssa and Sassafras in understory. Vaccinium ground cover. 2015- changed orientation from 360 to 2 degrees. Microplots were mixed up in 2007.  Saplings recorded in UL were actually in B, and saplings recorded in UR were actually in UL.",2024,40.1915237456158,-75.7712651897893,29,1,0,56,5,11,7,"HOFU_052_BL_20240717.JPG","HOFU_052_BR_20240717.JPG","HOFU_052_UL_20240717.JPG","HOFU_052_UR_20240717.JPG","052"
"VAFO-158","VAFO","3","Mesic- Rolling Uplands","Park on Inner Line Drive.  Plot 15m away","Tulip poplar overstory, wine berry treatment since 2022 as understory.",2026,40.0895955598574,-75.453370348312,6,2,4.7,1,3,20,11,"VAFO_158_BL_20260714.JPG","VAFO_158_BR_20260714.JPG","VAFO_158_UL_20260714.JPG","VAFO_158_UR_20260714.JPG","158"
"GETT-096","GETT","2","Xeric- Dry Slopes","Park on Loop Rd. off of Wheatfield Rd. and walk 20 meters uphill.","Lots of vib pru in understory, oak hickory canopy",2025,39.7940723841508,-77.247067932128,13,0,4.1,50,50,25,10,"GETT_096_BL_20250728.JPG","GETT_096_BR_20250728.JPG","GETT_096_UL_20250728.JPG","GETT_096_UR_20250728.JPG","096"
"BOWA-260","BOWA","4","Mesic- Moist Slopes and Coves","Drive across field and park on road, 130 m from plot at picnic area graveyard."," White oak canopy with white oak regeneration in understory. 2014 - changed orientation to 110 from 115.",2023,37.1120011343485,-79.7331646681969,21,3,0,105,11,23,6,"BOWA_260_BL_20230802.JPG","BOWA_260_BR_20230802.JPG","BOWA_260_UL_20230802.JPG","BOWA_260_UR_20230802.JPG","260"
"APCO-266","APCO","4","Mesic- Floodplains/Bottomlands","Drive along Forest Rd until no longer passable, about 450m from plot. Walk rd until about 90m from plot then cross stream and bushwhack. 2018 - difficult time finding plot: coordinates were about 30m away from plot center. Not sure if coordinates are off or if our GPS accuracy was. Alternate coordinates: 0696078, 4139859. 2023: updated plot coords to 2018 coords.","Very dense plot lots of privet, symphocarpus , and rubus likely has water on plot in spring. Full crew recommended. 2014 - changed orientation from 360 to 3 degrees",2023,37.3847683519401,-78.7852194826073,4,5,5.7,2,1,25,5,"APCO_266_BL_20230731.JPG","APCO_266_BR_20230731.JPG","APCO_266_UL_20230731.JPG","APCO_266_UR_20230731.JPG","266"
"APCO-101","APCO","2","Mesic- Flatwoods","Park on River Ridge Rd 450m from plot. Hike on trail then bushwhack 130m through sucessional hardwoods. Club moss thick on forest floor",NA,2025,37.3780647276095,-78.7876978884622,15,8,0,12,10,30,13,"APCO_101_BL_20250806.JPG","APCO_101_BR_20250806.JPG","APCO_101_UL_20250806.JPG","APCO_101_UR_20250806.JPG","101"
"HOFU-086","HOFU","2","Xeric- Dry Slopes","Leaving the Visitor Center area, take a left and drive north along Shed Road. Take the first right and park at the trailhead parking area on the left. The trail/gated fire road will be across the road. Walk along the trail for approx 1km (take Lenape fork). Plot will be approx 70 m off the trail on the left.",NA,2025,40.2163450466229,-75.7630262557636,17,4,1.6,34,35,17,12,"HOFU_086_BL_20250723.JPG","HOFU_086_BR_20250723.JPG","HOFU_086_UL_20250723.JPG","HOFU_086_UR_20250723.JPG","086"
"GETT-168","GETT","3","Mesic- Floodplains/Bottomlands","Park at yellow house (resource management) walk across field and go through gate in upper right corner, follow stream/deer trails to plot 160m.","Dense barbery thicket with open canopy. Appears to be seasonally flooded but is dry in July. However, stakes seem to often be disturbed. Dense mid-layer, plot is decently shaded given low canopy cover. Replacement center cap needed",2026,39.8079140293463,-77.2244256996275,8,2,77.5,6,3,19,14,"GETT_168_BL_20260720.JPG","GETT_168_BR_20260720.JPG","GETT_168_UL_20260720.JPG","GETT_168_UR_20260720.JPG","168"
"VAFO-042","VAFO","1","Mesic- Floodplains/Bottomlands","2018 VAFO REGEN: Park by the Kennedy-Supplee restaurant and walk towards the bridge over the river. As you approach the river, there will be a gate in the chain link fence. Enter there, and walk the trail or on the edge of the forest where it meets the train tracks to the plot. It is a long walk.","Tree of Heaven and microstegeum and stinging nettle plot.  Semi-open .B microplot and UL were marked with a fiberglass stake. 2018 VAFO REGEN: Wellies needed in a wet year.",2024,40.1077563900725,-75.4447259461151,7,2,7.1,13,10,22,5,"VAFO_042_BL_20240722.JPG","VAFO_042_BR_20240722.JPG","VAFO_042_UL_20240722.JPG","VAFO_042_UR_20240722.JPG","042"
"APCO-107","APCO","2","Xeric- Dry Slopes","Bushwack in from Rt. 122. Or 780m from brush pile off road to park housing. Easy bushwacking.","Pinus virginiana canopy, wth mixed hardwood in understory. Fairly open.",2025,37.3773353528928,-78.8158384716969,48,12,0,20,12,33,7,"APCO_107_BL_20250807.jpg","APCO_107_BR_20250807.jpg","APCO_107_UL_20250807.jpg","APCO_107_UR_20250807.jpg","107"
"BOWA-181","BOWA","3","Mesic- Rolling Uplands","Drive down service road. Ask if you can drive on trail past junction. If not, park at junction.","Mixed hardwood canopy with Carpinus midstory and lycopodium ground cover. 2013- changed orientation to 341 from 331. Has a lot of shade, even if deemed an open plot.",2026,37.1144427475997,-79.7305353110615,13,7,0.1,3,8,23,12,"BOWA_181_BL_20260729.JPG","BOWA_181_BR_20260729.JPG","BOWA_181_UL_20260729.JPG","BOWA_181_UR_20260729.JPG","181"
"HOFU-085","HOFU","2","Mesic- Flatwoods","Park at French Shed parking lot, take trail to about ~150m away.",NA,2025,40.216315047041,-75.7716284716446,13,2,2.1,13,0,17,9,"HOFU_085_BL_20250723.JPG","HOFU_085_BR_20250723.JPG","HOFU_085_UL_20250723.JPG","HOFU_085_UR_20250723.JPG","085"
"GETT-173","GETT","3","Mesic- Rolling Uplands","Park at Culp's Hill parkling lot and walk back to intersection. Plot is 30m off the road.","Oak/Hickory sparse canopy with thick understory of Rosa multiflora and rubus with fair amount of regen. Four person crew recommended. 2022: plot has inexplicably improved. Four crew members no longer necessary.",2026,39.8192382451086,-77.2216015401981,20,0,3.7,10,15,27,11,"GETT_173_BL_20260720.JPG","GETT_173_BR_20260720.JPG","GETT_173_UL_20260720.JPG","GETT_173_UR_20260720.JPG","173"
"APCO-178","APCO","3","Mesic- Flatwoods","Park on grass road, walk in about 80 m.","Dense hardwood regeneration, lots of small saplings. Understory sparse. Orientation changed to 3 (previously 360)",2026,37.3800904908613,-78.7962776708843,30,0,0.1,2,15,31,15,"APCO_178_BL_20260728.JPG","APCO_178_BR_20260728.JPG","APCO_178_UL_20260728.JPG","APCO_178_UR_20260728.JPG","178"
"VAFO-078","VAFO","2","Xeric- Dry Slopes","Park at veterns memorial parking lot. Plot just down trail","Mic vim with tall tulip poplar canopy. 
2022 - lots of shrubs coming in: Rosa, Rubus, and Viburnum. Some stinging nettle on left side of plot.",2025,40.1053488266411,-75.4475848824284,9,0,71.8,63,0,28,9,"VAFO_078_BL_20250722.JPG","VAFO_078_BR_20250722.JPG","VAFO_078_UL_20250722.JPG","VAFO_078_UR_20250722.JPG","078"
"APCO-007","APCO","1","Mesic- Flatwoods","Close to plot 9.Either walk from plot 9 about 300 m through forest or drive to end of Gordon Drive, park in the grass, walk in 150m","Pinus, oak overstory with Beech regen. Mostly open with dense patch of saplings and trees near BL",2024,37.38229935036,-78.7963259376611,27,4,0,5,13,24,20,"APCO_007_BL_20240730.JPG","APCO_007_BR_20240730.JPG","APCO_007_UL_20240730.JPG","APCO_007_UR_20240730.JPG","007"
"VAFO-245","VAFO","4","Mesic- Moist Slopes and Coves","Turn on gravel road off of Pawlings road, head towards Pawling Farm. Park on side of road and walk about 200m west across field","Tulip poplar canopy with stiltgrass understory… little else.",2023,40.1098227824251,-75.4623167662856,14,0,3.7,3,0,16,10,"VAFO_245_BL_20230718.JPG","VAFO_245_BR_20230718.JPG","VAFO_245_UL_20230718.JPG","VAFO_245_UR_20230718.JPG","245"
"HOFU-051","HOFU","1","Mesic- Flatwoods","Park on Green Ln, plot just off the road.","Oak/hickory canopy. Some barberry and rosa but not a lot yet.",2024,40.1937953689372,-75.7683656153698,17,0,48,18,5,38,7,"HOFU_051_BL_20240717.JPG","HOFU_051_BR_20240717.JPG","HOFU_051_UL_20240717.JPG","HOFU_051_UR_20240717.JPG","051"
"GEWA-218","GEWA","3","Mesic- Flatwoods","Park on a main road through GEWA. Plot approx. 30 m from road.

WARNING: HuGe HolE (over 1 ft deep and wide)! Near upper left regen. Two crew members fell into hole. Thankfully, limber crew avoided significant injury. Future visitors may not be so lucky.

Plot moved 20 m north due to proximity of road and mowed area.","PINTAE canopy, some LIQSTY, ilex opaca subcanopy, vitis ground cover. Lots of tox rad vines on trees",2025,38.1893065521283,-76.9257762164786,18,2,0.1,5,2,16,13,"GEWA_218_BL_20250904.JPG","GEWA_218_BR_20250904.JPG","GEWA_218_UL_20250904.JPG","GEWA_218_UR_20250904.JPG","218"
"THST-212","THST","3","Mesic- Moist Slopes and Coves","Drive on dirt road past visitor's center. Then, drive margin of field to within about 90 m of plot.","liriodendron dominated; ravine through plot",2025,38.5252001804689,-77.0379332963489,14,1,0,3,1,19,16,"THST_212_BL_20250903.JPG","THST_212_BR_20250903.JPG","THST_212_UL_20250903.JPG","THST_212_UR_20250903.JPG","212"
"THST-132","THST","2","Mesic- Moist Slopes and Coves","Walk on field past cemetary continue on the gravel road through forest. Plot is just off the road on left.","Successional Tulip poplar. Stream bed/flood zone through center of plot. Dry in 2016",2024,38.5274732826901,-77.0408995665161,13,0,0.1,5,5,17,19,"THST_132_BL_20240904.JPG","THST_132_BR_20240904.JPG","THST_132_UL_20240904.JPG","THST_132_UR_20240904.JPG","132"
"GEWA-295","GEWA","4","Hydric- Other Hydric","Walk down path towards cemetary.  Plot approximately 75m left of cemetary.","Mixed hardwood, lots of herbacous cover. Edge forest: invasives, shrubs and vines. Wet muddy patch, semi-permanent stream in plot, consider bringing boots epsecially if a wet yearr. UL corner in 1.5m above ground in recent tip up. No rebar, will have to be reset when tip up mound disintergrates.",2026,38.1957651631543,-76.9314159452742,15,1,0.2,7,15,30,6,"GEWA_295_BL_20260827.JPG","GEWA_295_BR_20260827.JPG","GEWA_295_UL_20260827.JPG","GEWA_295_UR_20260827.JPG","295"
"GEWA-294","GEWA","4","Mesic- Other Mesic","From paved road walk south 50m plot adjacent to trail near marsh","loblolly and mixed hardwood; large downed virginia pine in plot; trail directly adjacent to plot; BR stake under large CWD; no white stake at UL, only rebar due to proximity to trail",2026,38.1891664033805,-76.9200294048039,29,3,0,1,3,9,13,"GEWA_294_BL_20260827.JPG","GEWA_294_BR_20260827.JPG","GEWA_294_UL_20260827.JPG","GEWA_294_UR_20260827.JPG","294"
"GEWA-320","GEWA","1","Mesic- Flatwoods","Turn onto Foxwood Road and follow along into the eastern section of the park. Park in the pullout before the duckweed pond about 120m before the plot, then walk down road to plot, which is only about 30 m from the road.","Coordinates changed in 2015 to correct location. Old loblolly pine plantation/juniperus virginia. Sparse ground cover. Chiggers can be bad, take appropriate precautions. Changed orienation to 5 from 360.",2023,38.1960972649102,-76.9116815809664,32,2,0.2,3,3,16,11,"GEWA_320_BL_20230906.JPG","GEWA_320_BR_20230906.JPG","GEWA_320_UL_20230906.JPG","GEWA_320_UR_20230906.JPG","320"
"THST-326","THST","1","Mesic- Floodplains/Bottomlands","Park at the Visitor Center and walk behind it to the streambed (it was dry on our visit, likely ephemeral) and follow to the plot. Or find your way to the cemetary, plot is in the woods just behind it.","Dry stream bed. Microstegium covering 25-50% of plot. Large canopy gap, mixed hardwood canopy.",2023,38.5296317153089,-77.0380353980762,8,2,0.1,1,2,15,16,"THST_326_BL_20230907.JPG","THST_326_BR_20230907.JPG","THST_326_UL_20230907.JPG","THST_326_UR_20230907.JPG","326"
"THST-325","THST","1","Mesic- Moist Slopes and Coves","Walk South from visitor center ~800m.  Plot on a slope, ~20m from power line cut.","Sparse mic vem and sedge understory, Asimina and Ilex mid, mixed hardwood canopy",2023,38.5228685263293,-77.0378101645935,16,1,0.2,9,6,25,8,"THST_325_BL_20230907.JPG","THST_325_BR_20230907.JPG","THST_325_UL_20230907.JPG","THST_325_UR_20230907.JPG","325"
"THST-130","THST","2","Mesic- Moist Slopes and Coves","Hike past little house and through small field, down slope.","lots of spicebush, some sycamore not too tall.  Bottom half of plot transitions to terrace with large tulip poplars",2024,38.5296304226148,-77.0437939164816,16,0,0.1,10,2,17,18,"THST_130_BL_20240904.JPG","THST_130_BR_20240904.JPG","THST_130_UL_20240904.JPG","THST_130_UR_20240904.JPG","130"
"THST-292","THST","4","Mesic- Rolling Uplands","Park on access rd.  Enter from north end of park.  Walk approx. 200 m NW.  Plot located on north side of creek bank.","Mixed hardwood canopy, Ilex opaca midstory, bare understory. Fence runs through BR of plot.",2026,38.5362656792037,-77.0410218743205,21,1,0,7,13,9,13,"THST_292_BL_20260826.JPG","THST_292_BR_20260826.JPG","THST_292_UL_20260826.JPG","THST_292_UR_20260826.JPG","292"
"THST-217","THST","3","Mesic- Rolling Uplands","park on road along park boundary. Plot about 230 m from road. Plot at bottom of ravine, across ditch/stream canal. Or hike in from VC (500ish meters). Take trail to second field them hike through forest (easy bushwack but steep ravines at times.","moderate slope with Tulip poplar canopy and New York fern understory.  Changed plot orientation from 192 to 194 degrees to better reflect plot layout (2013).",2025,38.5251557448669,-77.0321967812457,19,2,0,6,5,14,17,"THST_217_BL_20250903.JPG","THST_217_BR_20250903.JPG","THST_217_UL_20250903.JPG","THST_217_UR_20250903.JPG","217"
"THST-293","THST","4","Mesic- Rolling Uplands","Southward direction behind Tenant House","Mixed hardwood on slope with stream bed at bottom of plot; pawpaw midstory and large patches of microstegium in understory; both BR and B micro stakes are in or near streambed",2026,38.529599182299,-77.0409366992232,4,3,0.1,9,14,24,15,"THST_293_BL_20260826.JPG","THST_293_BR_20260826.JPG","THST_293_UL_20260826.JPG","THST_293_UR_20260826.JPG","293"
"GEWA-214","GEWA","3","Mesic- Flatwoods","Park near restroom and waterfront. Walk-in on trail.","Oak and Pine canopy with Ilex understory, sparse ground cover on most of plot. Part of plot has dense Microstegium and overhanging vines.",2025,38.1914726316283,-76.9173153730313,31,5,0.1,1,8,13,12,"GEWA_214_BL_20250904.JPG","GEWA_214_BR_20250904.JPG","GEWA_214_UL_20250904.JPG","GEWA_214_UR_20250904.JPG","214"
"GEWA-143","GEWA","2","Mesic- Flatwoods","Park near maintenance.","Plot right on side of rouad about 150m from maintenance buildings, road almost in plot.  Japanese stilt grass and smilax understory. A bit open, not much.",2024,38.1936677439726,-76.923047910489,23,0,0.2,22,0,23,10,"GEWA_143_BL_20240822.JPG","GEWA_143_BR_20240822.JPG","GEWA_143_UL_20240822.JPG","GEWA_143_UR_20240822.JPG","143"
"GEWA-144","GEWA","2","Mesic- Flatwoods","Park on road after road to picnic area. 160 m to plot","Mature PINTAE in canopy with mixed hardwood underneath. Sparse ground cover. Changed plot orientation from 360 to 346.",2024,38.1914169799886,-76.9201684366474,16,3,0,3,11,5,9,"GEWA_144_BL_20240822.JPG","GEWA_144_BR_20240822.JPG","GEWA_144_UL_20240822.JPG","GEWA_144_UR_20240822.JPG","144"
"GEWA-321","GEWA","1","Mesic- Floodplains/Bottomlands","Park on Rd to picnic area. Bushwack 50m to plot.","Loblolly canopy, fairly open. Dense ground cover off new york fern, microstegium, and false nettle (boehmeria cylindrica).",2023,38.1891277683532,-76.9229399114365,19,1,0.1,11,3,29,6,"GEWA_321_BL_20230906.JPG","GEWA_321_BR_20230906.JPG","GEWA_321_UL_20230906.JPG","GEWA_321_UR_20230906.JPG","321"
"COLO-347","COLO","2","Mesic- Flatwoods","Park at the far end of the French Encampment Area, head into woods about 200 meters. Tagged with number 5821.","Mixed forest with dense sapling regeneration.",2025,37.2305158763365,-76.5457505127078,17,2,0,28,7,16,18,"COLO_347_BL_20250811.JPG","COLO_347_BR_20250811.JPG","COLO_347_UL_20250811.JPG","COLO_347_UR_20250811.JPG","347"
"COLO-351","COLO","2","Mesic- Rolling Uplands","Park along park road heading towards French Encampments. Head south/southwest approximately 180 meters into forest.","Mixed forest overstory; plot located in moderate gap allowing pine regeneration on forest floor.",2025,37.2015731600161,-76.5144554862794,13,0,0,23,0,15,12,"COLO_351_BL_20250811.JPG","COLO_351_BR_20250811.JPG","COLO_351_UL_20250811.JPG","COLO_351_UR_20250811.JPG","351"
"COLO-345","COLO","2","Mesic- Flatwoods","Park along park road to French Encampment loop, enter woods on right; plot is approximately 30 meters from road.","Mixed woods forest with minimal understory.  Originally recorded as GRTS point 80, but GRTS point 29 is the correct GRTS value for the sampled plot.",2025,37.2170525571385,-76.5316925039363,18,2,0,10,7,8,15,"COLO_345_BL_20250811.JPG","COLO_345_BR_20250811.JPG","COLO_345_UL_20250811.JPG","COLO_345_UR_20250811.JPG","345"
"COLO-335","COLO","1","Mesic- Floodplains/Bottomlands","Park on tour rd, less than 100m easy bushwack in. If tour road is gated, there is a pull off on the other side of cook rd, easy 600m hike from there.","Center Tag #17989. Steep ravine through middle of plot, BL transect crosses it. Mixed hardwood canopy with ilex in the subcanopy. Sparse groundcover.",2024,37.2085451626207,-76.4920685476725,15,1,0,0,5,11,17,"COLO_335_BL_20240807.JPG","COLO_335_BR_20240807.JPG","COLO_335_UL_20240807.JPG","COLO_335_UR_20240807.JPG","335"
"COLO-350","COLO","2","Mesic- Rolling Uplands","Park along park road (towards French Encampments). Follow mowed area along margin of the field until about 120 meters from plot.","Mixed hardwood forest with Asimina triloba understory.",2025,37.2082225280712,-76.5146447298539,7,1,0,45,12,19,14,"COLO_350_BL_20250811.JPG","COLO_350_BR_20250811.JPG","COLO_350_UL_20250811.JPG","COLO_350_UR_20250811.JPG","350"
"COLO-354","COLO","2","Mesic- Flatwoods","Stop at pull off on right side of road and walk peninsula of upland between 2 marshy areas to plot.","center stake tagged with 15833.",2025,37.2093795985631,-76.7625793179483,9,0,0,5,4,16,18,"COLO_354_BL_20250813.JPG","COLO_354_BR_20250813.JPG","COLO_354_UL_20250813.JPG","COLO_354_UR_20250813.JPG","354"
"COLO-379","COLO","4","Mesic- Flatwoods","Park on Colonial Parkway, about 200m from plot. Plot center marked with tag # 14383.","Loblolly/Tulip Poplar canopy, Carpinus subcanopy, sparse ground cover.",2023,37.2328753913484,-76.5236485101998,18,1,0,6,17,13,11,"COLO_379_BL_20230808.JPG","COLO_379_BR_20230808.JPG","COLO_379_UL_20230808.JPG","COLO_379_UR_20230808.JPG","379"
"COLO-337","COLO","1","Mesic- Moist Slopes and Coves","Parking at pull out by cemetary. Walk back along road to powerline M2334 TL14. You should be about 50m from the plot. Cut in an look for a break in the smilax and paw paw. The plot is immediately behind the dense edge.","Center tag14030. Plot on a slope. Good amount of paw paw understory, some smilax not much else. Lir tul and liq sty canopy. BL stake offset at 11m to avoid deep wash.",2024,37.2243083561189,-76.5092181605224,18,1,3,31,8,17,17,"COLO_337_BL_20240805.JPG","COLO_337_BR_20240805.JPG","COLO_337_UL_20240805.JPG","COLO_337_UR_20240805.JPG","337"
"COLO-349","COLO","2","Mesic- Rolling Uplands","Fark off third pullout after Wormley pond.  Head west about 250m.","Tulip poplar/Loblolly woods.  Sparse understory.",2025,37.2131514644044,-76.4948864836611,25,2,0,2,2,10,19,"COLO_349_BL_20250814.JPG","COLO_349_BR_20250814.JPG","COLO_349_UL_20250814.JPG","COLO_349_UR_20250814.JPG","349"
"COLO-376","COLO","4","Mesic- Floodplains/Bottomlands","park on Goosely Rd, plot about 100m from road. Or park on French Encampment loop and walk 400m.","mostly Pinus taeda canopy, also liriodendron and sycamore; dense asimina triloba midstory. Plot ID-tag is 14647",2023,37.2326686585983,-76.5347701432668,7,0,0,13,15,15,14,"COLO_376_BL_20230807.JPG","COLO_376_BR_20230807.JPG","COLO_376_UL_20230807.JPG","COLO_376_UR_20230807.JPG","376"
"COLO-355","COLO","2","Mesic- Flatwoods","Park on tour rd where you would for plot 354.  Hike North, for about 200m along small ridge of upland, then NW to plot another 600m or so.  Do not need boots, dry the whole way.","Some loblolly pine regen, partial canopy gap as well..",2025,37.2137378017808,-76.7682927657314,22,1,0.1,0,0,12,18,"COLO_355_BL_20250813.JPG","COLO_355_BR_20250813.JPG","COLO_355_UL_20250813.JPG","COLO_355_UR_20250813.JPG","355"
"COLO-367","COLO","3","Mesic- Flatwoods","park on road (french encampment loop) walk about 275 m to plot from road. Plot center marked with tree tag # 15697.","loblolly pine and mixed hardwood, vaccinium understory",2026,37.2259078305866,-76.5459269468134,21,3,0,1,3,13,8,"COLO_367_BL_20260806.JPG","COLO_367_BR_20260806.JPG","COLO_367_UL_20260806.JPG","COLO_367_UR_20260806.JPG","367"
"COLO-381","COLO","4","Mesic- Flatwoods","park on Surrender Rd, plot 95m fromn road, follow earthworks from road leading straight to plot","plot id tag 14785; flat, dry mixed hardwoods with very sparse understory",2023,37.2036367505287,-76.5229252100677,26,2,0,2,9,8,5,"COLO_381_BL_20230807.JPG","COLO_381_BR_20230807.JPG","COLO_381_UL_20230807.JPG","COLO_381_UR_20230807.JPG","381"
"COLO-373","COLO","4","Mesic- Floodplains/Bottomlands","Park on Tour Rd, walk in about 100m. Plot tag # 14881.","Loblolly/Tulip Poplar canopy, paw paw regen.",2023,37.2173414177413,-76.5120208174876,20,0,0,116,20,12,7,"COLO_373_BL_20230807.JPG","COLO_373_BR_20230807.JPG","COLO_373_UL_20230807.JPG","COLO_373_UR_20230807.JPG","373"
"COLO-360","COLO","3","Mesic- Moist Slopes and Coves","Park along side of parkway, then hike in about 450m passing over a couple of small ravines."," Plot is in a small ravine.  Steepish slopes with some large CWD.  Plot aspect is down slope of ravine. Lots of large trees just outside of the plot. 
2022: plot center tag is #18554.",2026,37.2329750890786,-76.5179917761157,19,1,0,6,4,16,18,"COLO_360_BL_20260803.JPG","COLO_360_BR_20260803.JPG","COLO_360_UL_20260803.JPG","COLO_360_UR_20260803.JPG","360"
"COLO-364","COLO","3","Mesic- Flatwoods","Park in pullout northeast of the plot (along the tour road). Hike along forested highground for aprox. 1km.","Oak/Loblolly pine forest adjacent to tidal marsh. Yellow jacket nest encoutered on upper ceter line at ~9m.",2026,37.2094513206066,-76.7541070547357,28,3,0,0,0,12,12,"COLO_364_BL_20260805.JPG","COLO_364_BR_20260805.JPG","COLO_364_UL_20260805.JPG","COLO_364_UR_20260805.JPG","364"
"COLO-353","COLO","2","Mesic- Flatwoods","Park on Battlefield tour rd. walk north about 100m.","Pinus taeda canopy with red maple coming in. sparse understory. Not as open as crown closure indicates, subcanopy provides shade. Center tag #12810",2025,37.2035362659969,-76.5258303355397,15,0,0,31,3,10,24,"COLO_353_BL_20250811.JPG","COLO_353_BR_20250811.JPG","COLO_353_UL_20250811.JPG","COLO_353_UR_20250811.JPG","353"
"COLO-377","COLO","4","Mesic- Floodplains/Bottomlands","Park on tour rd, walk in about 350 m. Do not walk old road/trail east of plot unless a very dry year: it is normally very wet and very buggy. The straight bushwhack is easy walking. Plot center marked with tag # 14758.","White oak canopy, ilex sub canopy, sparse groundcover.",2023,37.1992284360621,-76.5145551089434,28,0,0,6,1,11,3,"COLO_377_BL_20230808.JPG","COLO_377_BR_20230808.JPG","COLO_377_UL_20230808.JPG","COLO_377_UR_20230808.JPG","377"
"COLO-334","COLO","1","Mesic- Rolling Uplands","Park on Surrender Field Rd. Walk in  along forest rd and then bushwack to plot.","Center Tag #12348, Pinus taeda canopy, Ilex subcanopy.",2024,37.1969858566905,-76.5144201612203,30,2,0,5,4,10,12,"COLO_334_BL_20240807.JPG","COLO_334_BR_20240807.JPG","COLO_334_UL_20240807.JPG","COLO_334_UR_20240807.JPG","334"
"COLO-340","COLO","1","Xeric- Other Xeric","Park on tour rd, plot is just off the road.","Center tag #12328. Pinus taeda canopy, smilax and morella in understory but mostly open. 2019 - took new GPS coordinates. Old coordinates E 344600, N 4118550",2024,37.2006731466861,-76.7510307028531,13,0,0.1,2,0,14,10,"COLO_340_BL_20240806.JPG","COLO_340_BR_20240806.JPG","COLO_340_UL_20240806.JPG","COLO_340_UR_20240806.JPG","340"
"COLO-336","COLO","1","Mesic- Floodplains/Bottomlands","Park at the turn out nearest the plot and walk back along the road before cutting into dense pine saplings.","Center Tag #40",2024,37.2091667981515,-76.7653689487032,36,1,0,1,7,11,13,"COLO_336_BL_20240806.JPG","COLO_336_BR_20240806.JPG","COLO_336_UL_20240806.JPG","COLO_336_UR_20240806.JPG","336"
"COLO-371","COLO","4","Mesic- Floodplains/Bottomlands","Park at end of field 315m from plot and walk edge. Small stream crossing to get to plot. Crossable on a downed tree but boots may be helpful. Plot tag # 14701, 371 sharpie'd on back.","Mixed hardwood canopy, paw paw understory. Not much ground cover.",2023,37.2127802338863,-76.520505779838,15,1,0,30,14,18,16,"COLO_371_BL_20230808.JPG","COLO_371_BR_20230808.JPG","COLO_371_UL_20230808.JPG","COLO_371_UR_20230808.JPG","371"
"COLO-341","COLO","1","Mesic- Flatwoods","Park on tour road at Lincoln (officer) sign pullout, walk in <300m. 2019 took new GPS coordinates (old coord: E367850, N4119300)","Center tag #12347. Plot is on what looks to be an old road bed. Microstegium covers most of the plot. Mixed hardwood canopy. Steep ravine drops off south of plot.",2024,37.2109488209355,-76.4894338272024,16,2,0,23,1,22,17,"COLO_341_BL_20240805.JPG","COLO_341_BR_20240805.JPG","COLO_341_UL_20240805.JPG","COLO_341_UR_20240805.JPG","341"
"COLO-362","COLO","3","Mesic- Flatwoods","Park on One Way tour road reached from Surrender Rd.  Plot is about 60m east of road.","A bit of a thicket with pawpaw and privet with sweet gum and pine overstory.  UR corner stake is set under large log.  Trees were mapped with compass and sonin.",2026,37.212925496464,-76.5034806044168,8,0,1.1,19,16,14,15,"COLO_362_BL_20260804.JPG","COLO_362_BR_20260804.JPG","COLO_362_UL_20260804.JPG","COLO_362_UR_20260804.JPG","362"
"COLO-365","COLO","3","Mesic- Flatwoods","Park at Washington's Headquarters loop. Take trail to the left of the two parking spots. At first intersection turn right , continue along trail. Turn right onto park boundary fire road. Plot is on the right. Plot center marked with tree tag number 15692.","Lobolly pine and mixed hardwood canopy with sparse understory.",2026,37.2034586463845,-76.5367136433697,21,0,0,10,1,12,15,"COLO_365_BL_20260804.JPG","COLO_365_BR_20260804.JPG","COLO_365_UL_20260804.JPG","COLO_365_UR_20260804.JPG","365"
"COLO-378","COLO","4","Mesic- Floodplains/Bottomlands","We walked over from plot 377 to avoid the river and wetland between plot 378 and the tour road. Walk due West from plot 377 to hit old forest road, walk road until 80m from plot, then cut in. Or take old forest road from tour road. Plot marked with tag # 14761.","Mixed hardwood canopy, ilex subcanopy, sparse ground cover. Decent amount of cwd. UTM E value corrected, mjj.",2023,37.1968868382149,-76.5228459155927,17,0,0,9,5,13,16,"COLO_378_BL_20230808.JPG","COLO_378_BR_20230808.JPG","COLO_378_UL_20230808.JPG","COLO_378_UR_20230808.JPG","378"
"COLO-331","COLO","1","Mesic- Flatwoods","Park on tour rd, right before forest. Plot is 90m from the road.","Center Tag #13195. Pinus taeda canopy, mixed hardwood midstory, sparse subcanoy and groundcover.",2024,37.2015896898501,-76.5089233603043,20,3,0,0,2,7,9,"COLO_331_BL_20240805.JPG","COLO_331_BR_20240805.JPG","COLO_331_UL_20240805.JPG","COLO_331_UR_20240805.JPG","331"
"COLO-344","COLO","2","Mesic- Floodplains/Bottomlands","From Colonial parkway, walk SW to floodplain, about 90m.","low-flow stream running through plot.  A bit mucky throughout. Bring boots, particularly in a wet year.",2025,37.2374546565319,-76.5236054146121,23,3,0.1,27,11,27,9,"COLO_344_BL_20250812.JPG","COLO_344_BR_20250812.JPG","COLO_344_UL_20250812.JPG","COLO_344_UR_20250812.JPG","344"
"COLO-338","COLO","1","Mesic- Flatwoods","Park on Goosley Rd. There is a pullout near the cemetary which is a little farther from the plot but is safer. Than walk down Goosley rd, walk to end of field and then cut into woods.","Center Tag 15119. Paw paw seedlings as groundcover, mixed hardwood and pinus taeda canopy.",2024,37.2218392109982,-76.5091802220138,21,2,0,11,3,22,14,"COLO_338_BL_20240805.JPG","COLO_338_BR_20240805.JPG","COLO_338_UL_20240805.JPG","COLO_338_UR_20240805.JPG","338"
"COLO-332","COLO","1","Mesic- Flatwoods","Park on historical tour road in pull-out just after the field and interp sign. Walk down road about 50 m to join social trail. Follow social trail for about 400m, then turn West, plot is about 125m west of social trail.","Center Tag #1149. Center tag not located but stake was located 8/6/19. Center tag # now 12260. Pine and Tulip poplar overstory with Prunus serotina and Liriodendron tulipifera midstory. Ilex opaca subacnopy with low ground cover",2024,37.2175120893891,-76.4950288941382,16,4,0,10,1,19,13,"COLO_332_BL_20240805.JPG","COLO_332_BR_20240805.JPG","COLO_332_UL_20240805.JPG","COLO_332_UR_20240805.JPG","332"
"COLO-359","COLO","3","Mesic- Floodplains/Bottomlands","Access French Loop from Surrender Field, park at fire road after field and walk about 600m down fire road, 50m off fire road (right side)","loblolly pine and red maple dominated; temporary stream through plot (possibly permanent?) 2017 - visited plot after heavy rain, stream very full. Center stake tagged with tree tag #19275.",2026,37.1969966650186,-76.5114571438728,23,1,0,8,3,18,17,"COLO_359_BL_20260803.JPG","COLO_359_BR_20260803.JPG","COLO_359_UL_20260803.JPG","COLO_359_UR_20260803.JPG","359"
"COLO-358","COLO","3","Mesic- Floodplains/Bottomlands","Park on Goosly Rd and walk 60m to plot. Or park in housing development","Sycamore, sweet gum, and tulip poplar canopy with paw paw understory. Stream runs through plot. Much evidence of flooding in 2013.  A bunch of trash has also been deposited with the flooding.",2026,37.2262361092308,-76.5233796413048,13,2,0.2,14,10,27,16,"COLO_358_BL_20260803.JPG","COLO_358_BR_20260803.JPG","COLO_358_UL_20260803.JPG","COLO_358_UR_20260803.JPG","358"
"COLO-366","COLO","3","Mesic- Floodplains/Bottomlands","Park on Historical Tour Drive on the west side of Beaver Dam Creek and walk along earthworks for about 400m.","Open wet plot along Beaver Dam Creek tributary. Bring boots and sun protection.",2026,37.2126551779447,-76.5176070421582,7,0,0,244,9,14,15,"COLO_366_BL_20260804.JPG","COLO_366_BR_20260804.JPG","COLO_366_UL_20260804.JPG","COLO_366_UR_20260804.JPG","366"
"COLO-357","COLO","3","Mesic- Flatwoods","Plot off Crawford Rd. Park at pull out 500m past plot. Walk back along road and cut into forest at 100m from plot. Plot center stake was missing, new tag number","Tulip poplar canopy with ferns in understory.  Interesting donut hole pit dug into the ground abouut 4m in diameter.
* Plot Marked as #356 in 2013, will need to update Tag to #357",2026,37.2238562775172,-76.5262058754405,18,0,0,45,7,32,9,"COLO_357_BL_20260803.JPG","COLO_357_BR_20260803.JPG","COLO_357_UL_20260803.JPG","COLO_357_UR_20260803.JPG","357"
"COLO-352","COLO","2","Mesic- Moist Slopes and Coves","Park at subdivision, hike in 200m or so. Park at the end of Alexia Lane, close to forest edge.  Follow social trail directly to plot.","Decent amount of holly regeneration, bare herbaceous layer. Center stake has tag number 18576.",2025,37.2373249347934,-76.5322604904333,21,1,0,3,16,6,19,"COLO_352_BL_20250812.JPG","COLO_352_BR_20250812.JPG","COLO_352_UL_20250812.JPG","COLO_352_UR_20250812.JPG","352"
"COLO-375","COLO","4","Mesic- Floodplains/Bottomlands","Park at pull out just after fork. Walk in 50m, plot just before wetland. Plot center tag # 14741.","GRTS 26 original location did not work, rejected North and East alternates. Plot set at southern alternate location. Half of plot mostly shrub cover, other half Nyssa  and Pinus taeda, sparse canopy.",2023,37.2025677717325,-76.7539476980899,11,2,0,21,6,19,4,"COLO_375_BL_20230809.JPG","COLO_375_BR_20230809.JPG","COLO_375_UL_20230809.JPG","COLO_375_UR_20230809.JPG","375"
"COLO-346","COLO","2","Mesic- Flatwoods","About 60m off tour rd.","Microstegeum ground cover.  Some large fallen tulip poplars",2025,37.2220971324119,-76.4952433853858,18,1,0,2,0,9,17,"COLO_346_BL_20250812.JPG","COLO_346_BR_20250812.JPG","COLO_346_UL_20250812.JPG","COLO_346_UR_20250812.JPG","346"
"COLO-372","COLO","4","Mesic- Other Mesic","Park on French Encampment Loop and walk about 400m at 95 degree bearing to plot","Quercus canopy with sparse understory and Ilex midstory",2023,37.2260549915792,-76.5318295109005,21,2,0,7,5,16,11,"COLO_372_BL_20230808.JPG","COLO_372_BR_20230808.JPG","COLO_372_UL_20230808.JPG","COLO_372_UR_20230808.JPG","372"
"COLO-348","COLO","2","Xeric- Dry Slopes","Follow park road towards Wormley Pond. Plot is off the left side of the road up a steep incline.Tag at center 15062","Ilex/Oxydendron understory - zilch in the herbaceous layer.",2025,37.219934262901,-76.4923605197336,30,2,0,0,6,9,17,"COLO_348_BL_20250812.JPG","COLO_348_BR_20250812.JPG","COLO_348_UL_20250812.JPG","COLO_348_UR_20250812.JPG","348"
"COLO-374","COLO","4","Xeric- Other Xeric","Park on Park Loop rd, plot is 15m south of rd","loblolly pine regeneration, large red oak dominated canopy; directly adjacent to marsh (plot is in narrow strip of forest between marsh and loop road). Plot id tag is 14619",2023,37.2006978078174,-76.7426371771382,25,1,0,2,20,15,4,"COLO_374_BL_20230809.JPG","COLO_374_BR_20230809.JPG","COLO_374_UL_20230809.JPG","COLO_374_UR_20230809.JPG","374"
"COLO-361","COLO","3","Mesic- Flatwoods","Park on tour road and walk 160 meters to plot.","Mixed hardwood canopy with dense Asimina triloba sapling understory. Sparse ground cover. Plot center marked with tree tag #13499. 361 is written on the back in sharpie.",2026,37.2217851099552,-76.5120080994579,14,1,0,19,22,18,14,"COLO_361_BL_20260803.JPG","COLO_361_BR_20260803.JPG","COLO_361_UL_20260803.JPG","COLO_361_UR_20260803.JPG","361"
"COLO-370","COLO","4","Mesic- Moist Slopes and Coves","Park on Cook Rd and bushwhack 80 m to plot. Plot center marked with white stake and tree tag # 14812.","Plot very close to the road and borders on a small clearing. The upper half of the plot is dense Asi tri regen, the bottom half of the plot is on a slope. Trash heap in plot. Tree sized ligustrum on plot. A lot of broken glass on plot.",2023,37.2174218374056,-76.5035811227741,14,1,17.5,24,29,16,7,"COLO_370_BL_20230807.JPG","COLO_370_BR_20230807.JPG","COLO_370_UL_20230807.JPG","COLO_370_UR_20230807.JPG","370"
"COLO-363","COLO","3","Mesic- Floodplains/Bottomlands","Park on tour road and walk 65m to plot. Plot center marked with tree tag number 16634.","Sweet gum canopy with very shrubby Myrica mid and understory; adjacent to marsh",2026,37.2049200188898,-76.7539570759116,23,2,0,34,44,11,11,"COLO_363_BL_20260805.JPG","COLO_363_BR_20260805.JPG","COLO_363_UL_20260805.JPG","COLO_363_UR_20260805.JPG","363"
"COLO-339","COLO","1","Mesic- Moist Slopes and Coves","Park on tour road at pullout 70 m from plot. 2019 - found GPS coordinates 18m off. Plot is on N slope of ravine.","Center Tag #12395. Plot on a slope. Good canopy coverage by trees outside of plot. Mostly subcanopy trees on plot. Open midstory and ground cover. Trees tagged away from road.",2024,37.2130505425168,-76.4921685515949,19,0,0,1,15,17,17,"COLO_339_BL_20240807.JPG","COLO_339_BR_20240807.JPG","COLO_339_UL_20240807.JPG","COLO_339_UR_20240807.JPG","339"
"COLO-368","COLO","3","Mesic- Flatwoods","Park at fire road at boundary of park and Newport News Rec. park off of Crawford Rd.  Hike north on fire road about 200m, then head east to plot about 120m.","Oak canopy with holly midstory and sparse understory.",2026,37.2125378383831,-76.5344072786378,25,0,0,0,9,6,8,"COLO_368_BL_20260804.JPG","COLO_368_BR_20260804.JPG","COLO_368_UL_20260804.JPG","COLO_368_UR_20260804.JPG","368"
"COLO-342","COLO","1","Mesic- Rolling Uplands","NO DIRECTIONS ENTERED YET","Center Tag #18303",2024,37.2263183726628,-76.5092131382777,27,2,0,0,4,18,13,"COLO_342_BL_20240807.JPG","COLO_342_BR_20240807.JPG","COLO_342_UL_20240807.JPG","COLO_342_UR_20240807.JPG","342"
"COLO-333","COLO","1","Mesic- Flatwoods","park on surrender field rd. walk done forest road, cut in about 400m","Center Tag #12394. mixed hardwood and pinus taeda canopy, some mic vim for ground cover.",2024,37.1969049067296,-76.5172240340916,21,1,0,15,2,12,10,"COLO_333_BL_20240807.JPG","COLO_333_BR_20240807.JPG","COLO_333_UL_20240807.JPG","COLO_333_UR_20240807.JPG","333"
"ASIS-385","ASIS","1","Xeric- Other Xeric","Easy access from green run campsite, 50m","Mixed forest of holly, sassafras, and pine. Green briar, vitis understory.",2025,38.0790277534305,-75.2140517865959,29,4,0,2,6,12,6,"ASIS_385_BL_20250915.JPG","ASIS_385_BR_20250915.JPG","ASIS_385_UL_20250915.JPG","ASIS_385_UR_20250915.JPG","385"
"ASIS-386","ASIS","1","Xeric- Other Xeric","Park between KM marker 27 and 28, find a pony trail and follow it across the dunes and through the forest. About 800m to plot from edge of beach.","Carex, vitis, and smilax understory with morella mid-story and Pinus virginiana overstory. Some shade but openings in canopy.",2025,38.0954579005604,-75.2039723710536,10,2,0,18,0,11,2,"ASIS_386_BL_20250917.JPG","ASIS_386_BR_20250917.JPG","ASIS_386_UL_20250917.JPG","ASIS_386_UR_20250917.JPG","386"
"ASIS-389","ASIS","1","Xeric- Other Xeric","Park at Pine Tree campground and walk 100 meters through Smilax rotundifolia.","Pinus taeda overstory with Smilax and Vitis understory and Morella cerifera midstory",2025,38.1406568894443,-75.187585430209,18,2,0,2,0,11,5,"ASIS_389_BL_20250917.JPG","ASIS_389_BR_20250917.JPG","ASIS_389_UL_20250917.JPG","ASIS_389_UR_20250917.JPG","389"
"ASIS-387","ASIS","1","Xeric- Other Xeric","Head to KM 33, take road toward Pope Bay campground past gate. Head North from road where forest opens up with sandy substrate. Easy walking about 400m.","Pinus taeda overstory with sand and pine duff substrate. Sunny, open site.",2025,38.0508385465177,-75.2316019468682,21,0,0,0,4,11,6,"ASIS_387_BL_20250916.JPG","ASIS_387_BR_20250916.JPG","ASIS_387_UL_20250916.JPG","ASIS_387_UR_20250916.JPG","387"
"ASIS-390","ASIS","1","Xeric- Other Xeric","Take dune crossing at KM 23.5 and park at end of road. Walk West around 'the gut' (wetland and small stream complex). You must go around the standing water, and the route is more circuitous than it may appear. Proceed into Pinus taeda forest 50m. May be able to access plot via kayak.","Very open Pinus taeda dominated stand with Smilax understory. BRING KNEE BOOTS, plenty of water for this site.",2025,38.1324377242805,-75.1873361835384,11,9,0,2,2,8,8,"ASIS_390_BL_20250917.JPG","ASIS_390_BR_20250917.JPG","ASIS_390_UL_20250917.JPG","ASIS_390_UR_20250917.JPG","390"
"ASIS-388","ASIS","1","Xeric- Other Xeric","Park at 27-28km on beach and walk in attempting to find a pony path to cut through brush","Pinus taeda overstory and morella cerifera understory. TOX RAD ON 32/47 TREES. IN EVERY QUAD. SAVE YOURSELVES. (bring gloves and technu)",2025,38.0912902854842,-75.2009045163351,36,3,0,2,0,12,0,"ASIS_388_BL_20250916.JPG","ASIS_388_BR_20250916.JPG","ASIS_388_UL_20250916.JPG","ASIS_388_UR_20250916.JPG","388"
"ASIS-395","ASIS","2","Xeric- Other Xeric","Park past km marker 27.  From beach try to walk across the sand and avoid shrubs; use horse trails whenever possible.  Good luck. Will need someone with machete or tool to cut shrubbery back on bushwhack in.","Pine overstory with Morella, Vaccinium, and poison ivy in understory. Lots of poison ivy on trees, bring ivyx/tecnu.",2026,38.0954281277362,-75.2003228017236,34,2,0,2,2,9,5,NA,NA,NA,NA,"395"
"ASIS-391","ASIS","2","Xeric- Other Xeric","Park on beach perpendicular to plot; follow sand as much as possible to plot.","Pinus taeda in overstory. Acer rubrum, Vaccinium, and Smilax in understory. Some Vaccinium dieback observed in the understory.",2026,38.1367451515706,-75.1820068113216,17,9,0,0,2,11,4,NA,NA,NA,NA,"391"
"ASIS-393","ASIS","2","Xeric- Other Xeric","Park past Km 29.  Hike on old road all the way to plot, plot is just off road. Coordinates for the road: (38.0751399, -75.2102562)","Pinus taeda overstory, Morella cerifera, Smilax and poison ivy mid/understory. Bring poison ivy wipes/tecnu. Dense PIN TAE regeneration in open sections. Prickly pear just off plot!",2026,38.0747470232743,-75.2138682882972,19,4,0,44,4,15,5,NA,NA,NA,NA,"393"
"ASIS-396","ASIS","2","Xeric- Other Xeric","Follow hunting trail to marsh, then walk along marsh until you enter forest.","Pinus taeda understory; grassy with Smilax in understory.",2026,38.0999569328233,-75.2030040167751,17,2,0,7,1,11,5,NA,NA,NA,NA,"396"
"ASIS-394","ASIS","2","Xeric- Other Xeric","~70m from ASIS 392.","Plot is located partially in an old horse exclosure. BL and UL are outside deer exclosure. Canopy opening with PIN TAE regeneration in BL of plot. Pinus taeda overstory with grass, Morella, and Smilax understory. Horse skull in plot.",2026,38.0966547431555,-75.2050363473174,16,4,0,43,0,11,6,NA,NA,NA,NA,"394"
"ASIS-392","ASIS","2","Xeric- Other Xeric","Take hunting trail at km 26.3 into marsh and walk the edge of marsh to plot. Hunting trail is marked with posts. Over 1km hike.","Pinus overstory with Smilax and Diospyrose understory.",2026,38.0962930394476,-75.2057196235057,7,3,0,2,5,9,6,NA,NA,NA,NA,"392"
"ASIS-397","ASIS","3","Xeric- Other Xeric","Park km 32, road is at km 32.9 and park on side of road into campsite (Pope's run). Walk on sandy patches south of the parking area in arcing path.","Plot is a pine forest, upper right of plot has some shrubs.",2023,38.0503433615111,-75.2313382409196,24,5,0,3,0,9,8,"ASIS_397_BL_20230911.JPG","ASIS_397_BR_20230911.JPG","ASIS_397_UL_20230911.JPG","ASIS_397_UR_20230911.JPG","397"
"ASIS-398","ASIS","3","Xeric- Other Xeric","Park at Km 29 and change. Take road to about 70m from plot.","Pine forest with heavy smilax midstory and pretty herbaceous ground cover.",2023,38.0792126727306,-75.2114754454226,17,0,0,2,0,13,7,"ASIS_398_BL_20230911.JPG","ASIS_398_BR_20230911.JPG","ASIS_398_UL_20230911.JPG","ASIS_398_UR_20230911.JPG","398"
"ASIS-399","ASIS","3","Xeric- Other Xeric","Park at Km 31.9. Follow the old road bed indicated on the topo map to the Clemets boathouse. Head south at the forest edge and walk the sandy patched until heading west to the plot. Head west (take left) at 18s 480129 4212080.","Pine forest with MorCer midstory and understory of pine needles and Poaceae. Some plot corners are a little wet.",2023,38.0550337868128,-75.2294152811429,27,5,0,0,0,9,6,"ASIS_399_BL_20230912.JPG","ASIS_399_BR_20230912.JPG","ASIS_399_UL_20230912.JPG","ASIS_399_UR_20230912.JPG","399"
"ASIS-400","ASIS","3","Xeric- Other Xeric","Park in the South Beach parking lot and take hunting trail (Blind 2) until you reach a large amelanchier tree and turn left.","Open plot very shrubby. A lot of SmiRot and MorCer with Rubus mixed in. Canopy is Pinus Taeda.",2023,38.1894890740085,-75.1622227227404,10,2,0,15,0,14,1,"ASIS_400_BL_20230912.JPG","ASIS_400_BR_20230912.JPG","ASIS_400_UL_20230912.JPG","ASIS_400_UR_20230912.JPG","400"
"ASIS-401","ASIS","3","Xeric- Other Xeric","Park at Km 26.5. Used distance sampling transect the entire walk to plot. Once we got to the marsh we went south to plot.","Pine overstory with MorCer midstory and pine regen/pine needles in understory.",2023,38.0973974071682,-75.2029513162431,29,0,0,71,2,11,3,"ASIS_401_BL_20230913.JPG","ASIS_401_BR_20230913.JPG","ASIS_401_UL_20230913.JPG","ASIS_401_UR_20230913.JPG","401"
"ASIS-402","ASIS","3","Xeric- Other Xeric","Very close to plot 401. Park at Km 26.5. Used distance sampling transect the entire walk to plot. Once we got to the marsh we went south to plot.","If doing 401 and 402 in the same day, go to 402 first. Center is very shrubby with a lot of SmiRot. Plot around center is slightly less shrubby.Pinus canopy with MorCer VacCor SmiRot midstory and pine needle understory.",2023,38.0969372275427,-75.2032579753322,15,1,0,67,1,13,2,"ASIS_402_BL_20230913.JPG","ASIS_402_BR_20230913.JPG","ASIS_402_UL_20230913.JPG","ASIS_402_UR_20230913.JPG","402"
"ASIS-408","ASIS","4","Xeric- Other Xeric","Park at overwash fan just north of km 32, follow horse trail west along the Deep Water Gut, head south into forest","Short pine overstory with base, pine needle understory",2024,38.056001938132,-75.227469156381,28,1,0,1,0,7,3,"ASIS_408_BL_20240909.JPG","ASIS_408_BR_20240909.JPG","ASIS_408_UL_20240909.JPG","ASIS_408_UR_20240909.JPG","408"
"ASIS-405","ASIS","4","Xeric- Other Xeric","Park at Green Run Campground and take trail to cemetary, 60m south past the cemetary.","Pine overstory with poaceae and vitis understory. Plot on mound, there is slope and microtopography.",2024,38.0770109964006,-75.2128943280581,28,2,0,2,4,9,4,"ASIS_405_BL_20240909.JPG","ASIS_405_BR_20240909.JPG","ASIS_405_UL_20240909.JPG","ASIS_405_UR_20240909.JPG","405"
"ASIS-403","ASIS","4","Xeric- Other Xeric","Park at km 22.2. Follow sandy area as far as you can go, go towards the pond and then search for the horse trails that lead you back to the old road. Follow road west until you get close to the bay then follow it straight south.","Pinus overstory with smilax understory; not too dense, looks like deer are keeping the smilax down.",2024,38.1357966230648,-75.1834194106006,16,1,0,3,0,8,4,"ASIS_403_BL_20240910.JPG","ASIS_403_BR_20240910.JPG","ASIS_403_UL_20240910.JPG","ASIS_403_UR_20240910.JPG","403"
"ASIS-404","ASIS","4","Xeric- Other Xeric","Take life of the forest trail, plot is 20m north of trail",NA,2024,38.1982625519876,-75.159135763053,16,6,0,0,0,11,5,"ASIS_404_BL_20240910.JPG","ASIS_404_BR_20240910.JPG","ASIS_404_UL_20240910.JPG","ASIS_404_UR_20240910.JPG","404"
"ASIS-406","ASIS","4","Xeric- Other Xeric","Park at Area 18 hunt blind near km 26, take hunt trail to marsh, head south to forest, follow forest/shrub line westuntil able to access interior","Pinus Taeda overstory with grasses and pinus seedlings in understory",2024,38.0949002596412,-75.2033093565291,17,3,0,8,1,7,5,"ASIS_406_BL_20240911.JPG","ASIS_406_BR_20240911.JPG","ASIS_406_UL_20240911.JPG","ASIS_406_UR_20240911.JPG","406"
"ASIS-407","ASIS","4","Xeric- Other Xeric","Take hunting road to area 12, park before getting to end of road","Pinus taeda overstory, pine needle and sand understory. Pretty open plot, sunny.",2024,38.1582417237637,-75.1751773327323,27,0,0,1,9,9,3,"ASIS_407_BL_20240911.JPG","ASIS_407_BR_20240911.JPG","ASIS_407_UL_20240911.JPG","ASIS_407_UR_20240911.JPG","407"
"SAHI-231","SAHI","3","Mesic- Rolling Uplands","Take loop nature trail (north side) right to plot (about 10 m away).","Moderate shrub understory, tulip poplar canopy. Many downed trees. Very wormy soil.",2023,40.8864745180006,-73.4935619774707,8,1,37.5,0,1,11,8,"SAHI_231_BL_20230926.JPG","SAHI_231_BR_20230926.JPG","SAHI_231_UL_20230926.JPG","SAHI_231_UR_20230926.JPG","231"
"SAHI-237","SAHI","3","Mesic- Rolling Uplands","Take trail behind museum; Bear right at fork; Follow for about 270 meters; Cut in to the right about 50 meters; Plot located in valley between two small ridges","Oddly open, lots of tox rad as ground cover. Mixed hardwood canopy.",2023,40.884995808617,-73.4920762607115,9,1,9,1,4,17,9,"SAHI_237_BL_20230927.JPG","SAHI_237_BR_20230927.JPG","SAHI_237_UL_20230927.JPG","SAHI_237_UR_20230927.JPG","237"
"SAHI-236","SAHI","3","Mesic- Rolling Uplands","Walk on loop trail behind museum; Plot is about 45 meters to right of trail (after fork)","Changed plot orientation from 360 to 4 deg. (2013).  Fairly open canopy from recently dead trees.  Moderately dense understory of shrubs and vines.",2023,40.8850617324975,-73.4950539328427,16,2,19.3,0,5,19,8,"SAHI_236_BL_20230927.JPG","SAHI_236_BR_20230927.JPG","SAHI_236_UL_20230927.JPG","SAHI_236_UR_20230927.JPG","236"
"SAHI-229","SAHI","3","Mesic- Rolling Uplands","Plot about 50 meters North from driveway to SAHI parking lot -OR- Plot about 200 meters from parking lot","BR is offset 1m (13.1m from center at 178 degrees) due to tree. Bmicro is 7m ay 320 degrees (instead of 323).",2023,40.8872918997359,-73.5009856764423,11,3,0.2,1,2,14,15,"SAHI_229_BL_20230926.JPG","SAHI_229_BR_20230926.JPG","SAHI_229_UL_20230926.JPG","SAHI_229_UR_20230926.JPG","229"
